date,city,temperature_c,humidity_pct,wind_kmh,rainfall_mm,condition
2025-01-01 00:00:00,Ahmedabad,17.5,49,11.2,14.7,Haze
2025-01-01 00:30:00,Ahmedabad,16.2,62,17.3,16.8,Haze
2025-01-01 01:00:00,Kolkata,18.9,31,5.9,6.1,Cloudy
2025-01-01 01:30:00,Delhi,26.8,49,13.8,15.9,Thunderstorm
2025-01-01 02:00:00,Bangalore,11.0,25,4.0,1.3,Fog
2025-01-01 02:30:00,Jaipur,17.9,71,26.4,11.2,Haze
2025-01-01 03:00:00,Ahmedabad,39.9,85,3.2,13.2,Drizzle
2025-01-01 03:30:00,Bangalore,15.0,38,17.7,16.8,Thunderstorm
2025-01-01 04:00:00,Kolkata,37.1,32,3.4,6.6,Thunderstorm
2025-01-01 04:30:00,Jaipur,19.2,44,14.1,10.3,Windy
2025-01-01 05:00:00,Bangalore,29.5,76,24.6,17.2,Fog
2025-01-01 05:30:00,Lucknow,33.0,95,26.5,0.7,Rain
2025-01-01 06:00:00,Delhi,10.8,24,12.3,7.5,Sunny
2025-01-01 06:30:00,Chennai,34.6,79,14.5,18.0,Rain
2025-01-01 07:00:00,Lucknow,25.6,40,5.1,11.0,Thunderstorm
2025-01-01 07:30:00,Hyderabad,41.1,60,36.8,3.0,Fog
2025-01-01 08:00:00,Delhi,33.6,84,10.5,16.3,Thunderstorm
2025-01-01 08:30:00,Chennai,22.8,22,2.5,16.5,Windy
2025-01-01 09:00:00,Bangalore,44.3,54,13.7,2.2,Fog
2025-01-01 09:30:00,Ahmedabad,18.6,85,5.4,19.9,Fog
2025-01-01 10:00:00,Bangalore,39.3,46,8.7,19.7,Thunderstorm
2025-01-01 10:30:00,Jaipur,14.2,45,36.8,7.8,Haze
2025-01-01 11:00:00,Kolkata,36.2,90,2.1,7.3,Fog
2025-01-01 11:30:00,Hyderabad,19.4,72,14.2,14.9,Sunny
2025-01-01 12:00:00,Kolkata,17.9,80,39.6,1.4,Sunny
2025-01-01 12:30:00,Chennai,31.2,63,20.5,6.5,Windy
2025-01-01 13:00:00,Delhi,11.9,92,22.9,7.0,Thunderstorm
2025-01-01 13:30:00,Delhi,37.8,57,14.6,12.4,Drizzle
2025-01-01 14:00:00,Lucknow,18.8,38,24.1,11.3,Windy
2025-01-01 14:30:00,Hyderabad,43.9,63,1.1,15.8,Windy
2025-01-01 15:00:00,Bangalore,23.6,44,30.1,8.1,Sunny
2025-01-01 15:30:00,Lucknow,26.8,40,23.6,3.4,Cloudy
2025-01-01 16:00:00,Pune,32.0,83,30.2,14.3,Haze
2025-01-01 16:30:00,Mumbai,22.4,21,15.1,15.4,Thunderstorm
2025-01-01 17:00:00,Delhi,16.2,38,31.7,13.5,Fog
2025-01-01 17:30:00,Chennai,35.6,24,33.6,17.9,Drizzle
2025-01-01 18:00:00,Lucknow,34.5,63,5.5,10.8,Drizzle
2025-01-01 18:30:00,Kolkata,31.1,32,22.1,19.8,Cloudy
2025-01-01 19:00:00,Mumbai,40.5,26,36.9,16.3,Drizzle
2025-01-01 19:30:00,Hyderabad,28.3,89,26.5,18.5,Fog
2025-01-01 20:00:00,Hyderabad,44.3,42,28.0,3.8,Haze
2025-01-01 20:30:00,Bangalore,30.6,65,6.2,16.0,Drizzle
2025-01-01 21:00:00,Jaipur,17.0,23,37.4,14.0,Sunny
2025-01-01 21:30:00,Bangalore,43.0,69,1.3,11.7,Rain
2025-01-01 22:00:00,Mumbai,26.9,80,32.9,11.2,Haze
2025-01-01 22:30:00,Kolkata,30.5,55,15.0,1.0,Haze
2025-01-01 23:00:00,Ahmedabad,34.5,84,11.3,3.1,Rain
2025-01-01 23:30:00,Lucknow,19.6,39,23.2,12.0,Sunny
2025-01-02 00:00:00,Lucknow,39.0,38,30.5,18.0,Cloudy
2025-01-02 00:30:00,Lucknow,15.6,57,10.4,16.2,Fog
2025-01-02 01:00:00,Mumbai,28.0,70,14.6,9.0,Rain
2025-01-02 01:30:00,Ahmedabad,19.9,68,13.9,9.3,Windy
2025-01-02 02:00:00,Jaipur,38.8,95,31.0,9.8,Fog
2025-01-02 02:30:00,Lucknow,35.6,60,31.8,17.2,Cloudy
2025-01-02 03:00:00,Lucknow,15.9,56,19.8,14.3,Haze
2025-01-02 03:30:00,Lucknow,17.9,29,21.6,4.0,Fog
2025-01-02 04:00:00,Kolkata,20.7,61,27.1,8.1,Thunderstorm
2025-01-02 04:30:00,Hyderabad,24.1,85,33.5,5.9,Rain
2025-01-02 05:00:00,Mumbai,24.5,23,38.3,19.3,Thunderstorm
2025-01-02 05:30:00,Jaipur,25.7,92,16.2,9.2,Windy
2025-01-02 06:00:00,Bangalore,14.2,33,8.5,7.0,Cloudy
2025-01-02 06:30:00,Ahmedabad,37.2,66,28.5,17.4,Rain
2025-01-02 07:00:00,Chennai,28.5,35,18.7,9.5,Haze
2025-01-02 07:30:00,Hyderabad,34.7,42,17.6,1.1,Windy
2025-01-02 08:00:00,Kolkata,26.6,64,36.7,1.0,Rain
2025-01-02 08:30:00,Jaipur,17.0,85,25.4,3.3,Rain
2025-01-02 09:00:00,Jaipur,22.4,50,35.8,4.5,Rain
2025-01-02 09:30:00,Delhi,40.0,49,34.5,0.6,Drizzle
2025-01-02 10:00:00,Lucknow,30.0,77,24.5,10.2,Rain
2025-01-02 10:30:00,Delhi,10.9,91,11.4,9.4,Thunderstorm
2025-01-02 11:00:00,Kolkata,10.6,53,31.0,14.9,Cloudy
2025-01-02 11:30:00,Mumbai,17.4,83,5.7,16.0,Thunderstorm
2025-01-02 12:00:00,Ahmedabad,14.5,51,8.0,17.5,Rain
2025-01-02 12:30:00,Kolkata,28.7,37,20.5,11.2,Rain
2025-01-02 13:00:00,Bangalore,40.5,37,2.1,13.4,Windy
2025-01-02 13:30:00,Delhi,40.0,69,32.8,14.1,Rain
2025-01-02 14:00:00,Hyderabad,12.3,55,2.6,5.0,Fog
2025-01-02 14:30:00,Mumbai,11.8,82,34.7,14.0,Windy
2025-01-02 15:00:00,Lucknow,32.6,65,7.9,4.8,Fog
2025-01-02 15:30:00,Hyderabad,39.2,29,37.5,5.5,Fog
2025-01-02 16:00:00,Mumbai,23.0,39,38.6,5.6,Fog
2025-01-02 16:30:00,Kolkata,21.6,29,1.1,3.9,Cloudy
2025-01-02 17:00:00,Jaipur,36.1,52,38.8,4.5,Fog
2025-01-02 17:30:00,Ahmedabad,25.0,86,38.9,8.6,Thunderstorm
2025-01-02 18:00:00,Delhi,25.3,79,15.7,8.8,Haze
2025-01-02 18:30:00,Kolkata,12.9,85,3.7,4.3,Windy
2025-01-02 19:00:00,Chennai,16.8,95,21.0,5.4,Fog
2025-01-02 19:30:00,Mumbai,39.7,54,15.6,11.5,Drizzle
2025-01-02 20:00:00,Pune,33.7,74,1.7,15.1,Windy
2025-01-02 20:30:00,Mumbai,24.2,40,22.4,5.0,Fog
2025-01-02 21:00:00,Chennai,24.9,37,38.5,5.2,Drizzle
2025-01-02 21:30:00,Bangalore,36.1,73,37.9,19.3,Cloudy
2025-01-02 22:00:00,Delhi,38.0,49,6.2,14.8,Haze
2025-01-02 22:30:00,Hyderabad,10.1,51,10.2,10.0,Windy
2025-01-02 23:00:00,Delhi,15.6,53,8.4,5.6,Fog
2025-01-02 23:30:00,Delhi,36.5,27,17.0,5.8,Cloudy
2025-01-03 00:00:00,Bangalore,34.8,56,13.3,16.9,Sunny
2025-01-03 00:30:00,Hyderabad,24.9,82,24.6,16.4,Rain
2025-01-03 01:00:00,Delhi,22.7,36,10.7,1.3,Cloudy
2025-01-03 01:30:00,Ahmedabad,43.9,69,21.0,5.4,Rain
2025-01-03 02:00:00,Kolkata,21.7,34,16.4,5.7,Sunny
2025-01-03 02:30:00,Mumbai,35.3,46,22.4,12.6,Windy
2025-01-03 03:00:00,Mumbai,27.3,43,14.6,14.9,Cloudy
2025-01-03 03:30:00,Bangalore,20.0,71,8.9,17.9,Drizzle
2025-01-03 04:00:00,Mumbai,20.2,95,32.5,7.0,Fog
2025-01-03 04:30:00,Delhi,32.4,39,4.4,17.0,Fog
2025-01-03 05:00:00,Pune,11.2,74,38.7,1.0,Windy
2025-01-03 05:30:00,Bangalore,15.6,46,7.4,18.5,Haze
2025-01-03 06:00:00,Pune,25.2,39,33.5,4.0,Windy
2025-01-03 06:30:00,Chennai,38.6,87,28.7,5.4,Fog
2025-01-03 07:00:00,Kolkata,34.2,64,9.3,16.8,Cloudy
2025-01-03 07:30:00,Delhi,23.5,72,32.1,3.8,Windy
2025-01-03 08:00:00,Delhi,10.9,93,15.5,17.9,Cloudy
2025-01-03 08:30:00,Lucknow,20.8,68,26.2,12.1,Drizzle
2025-01-03 09:00:00,Hyderabad,34.4,61,36.7,13.4,Thunderstorm
2025-01-03 09:30:00,Pune,29.6,73,5.9,20.0,Drizzle
2025-01-03 10:00:00,Jaipur,30.5,68,30.8,14.1,Drizzle
2025-01-03 10:30:00,Ahmedabad,10.1,58,11.7,16.3,Sunny
2025-01-03 11:00:00,Jaipur,17.4,38,30.6,16.6,Haze
2025-01-03 11:30:00,Pune,14.5,82,39.3,1.7,Thunderstorm
2025-01-03 12:00:00,Hyderabad,20.0,78,14.6,9.0,Rain
2025-01-03 12:30:00,Mumbai,22.7,88,29.6,4.7,Windy
2025-01-03 13:00:00,Hyderabad,12.4,92,9.1,7.5,Cloudy
2025-01-03 13:30:00,Pune,12.7,90,25.2,11.2,Cloudy
2025-01-03 14:00:00,Delhi,11.0,24,28.5,9.1,Sunny
2025-01-03 14:30:00,Bangalore,41.5,79,31.6,10.1,Sunny
2025-01-03 15:00:00,Mumbai,36.2,58,3.1,8.8,Drizzle
2025-01-03 15:30:00,Ahmedabad,16.7,56,12.8,20.0,Cloudy
2025-01-03 16:00:00,Ahmedabad,21.4,71,8.5,14.8,Drizzle
2025-01-03 16:30:00,Delhi,15.0,47,36.5,15.1,Sunny
2025-01-03 17:00:00,Bangalore,11.5,57,30.4,12.0,Rain
2025-01-03 17:30:00,Jaipur,39.0,78,36.5,16.2,Sunny
2025-01-03 18:00:00,Pune,19.8,94,30.6,4.8,Windy
2025-01-03 18:30:00,Ahmedabad,44.4,71,3.6,14.8,Haze
2025-01-03 19:00:00,Jaipur,10.0,83,32.6,6.0,Haze
2025-01-03 19:30:00,Ahmedabad,30.1,32,15.2,16.9,Windy
2025-01-03 20:00:00,Chennai,15.5,90,38.8,15.5,Sunny
2025-01-03 20:30:00,Kolkata,41.5,21,29.2,9.1,Rain
2025-01-03 21:00:00,Pune,32.8,25,37.5,2.5,Windy
2025-01-03 21:30:00,Jaipur,32.8,76,11.2,3.1,Rain
2025-01-03 22:00:00,Jaipur,23.1,76,35.1,14.5,Sunny
2025-01-03 22:30:00,Kolkata,20.4,21,16.0,4.8,Drizzle
2025-01-03 23:00:00,Ahmedabad,14.2,26,10.5,13.8,Sunny
2025-01-03 23:30:00,Jaipur,28.9,28,35.3,3.6,Drizzle
2025-01-04 00:00:00,Bangalore,15.3,48,25.1,5.9,Rain
2025-01-04 00:30:00,Lucknow,40.6,74,19.6,0.3,Haze
2025-01-04 01:00:00,Lucknow,18.6,86,25.9,12.3,Sunny
2025-01-04 01:30:00,Chennai,39.8,48,12.9,2.6,Windy
2025-01-04 02:00:00,Lucknow,12.7,81,38.2,1.9,Cloudy
2025-01-04 02:30:00,Lucknow,37.6,71,34.0,10.4,Thunderstorm
2025-01-04 03:00:00,Pune,42.5,62,17.5,13.2,Thunderstorm
2025-01-04 03:30:00,Mumbai,44.2,36,16.2,19.8,Thunderstorm
2025-01-04 04:00:00,Hyderabad,31.1,75,28.9,17.9,Cloudy
2025-01-04 04:30:00,Pune,39.8,48,34.1,7.6,Fog
2025-01-04 05:00:00,Ahmedabad,14.0,86,22.6,17.7,Drizzle
2025-01-04 05:30:00,Delhi,41.9,47,25.0,17.4,Windy
2025-01-04 06:00:00,Ahmedabad,24.3,95,36.7,7.4,Fog
2025-01-04 06:30:00,Hyderabad,31.7,28,38.9,1.1,Cloudy
2025-01-04 07:00:00,Hyderabad,12.6,30,8.6,4.4,Drizzle
2025-01-04 07:30:00,Delhi,38.2,80,3.1,8.8,Thunderstorm
2025-01-04 08:00:00,Ahmedabad,25.0,94,20.9,6.8,Sunny
2025-01-04 08:30:00,Chennai,44.9,55,21.9,11.0,Drizzle
2025-01-04 09:00:00,Delhi,18.9,73,11.2,8.8,Cloudy
2025-01-04 09:30:00,Jaipur,31.9,56,18.6,17.4,Rain
2025-01-04 10:00:00,Delhi,23.9,34,9.8,5.5,Drizzle
2025-01-04 10:30:00,Ahmedabad,27.5,45,39.3,2.7,Cloudy
2025-01-04 11:00:00,Lucknow,20.3,22,15.6,3.6,Rain
2025-01-04 11:30:00,Kolkata,19.6,37,38.4,19.4,Drizzle
2025-01-04 12:00:00,Ahmedabad,33.4,87,24.3,6.9,Sunny
2025-01-04 12:30:00,Pune,42.2,58,13.8,10.4,Rain
2025-01-04 13:00:00,Mumbai,17.1,65,4.8,5.2,Drizzle
2025-01-04 13:30:00,Ahmedabad,26.1,55,11.9,13.9,Drizzle
2025-01-04 14:00:00,Jaipur,12.6,87,37.7,5.7,Drizzle
2025-01-04 14:30:00,Lucknow,34.7,35,30.1,15.2,Sunny
2025-01-04 15:00:00,Kolkata,23.7,67,35.9,5.6,Sunny
2025-01-04 15:30:00,Chennai,41.7,74,26.4,18.5,Fog
2025-01-04 16:00:00,Delhi,16.5,95,1.9,0.9,Fog
2025-01-04 16:30:00,Delhi,27.1,42,26.6,17.3,Windy
2025-01-04 17:00:00,Chennai,28.0,79,5.3,12.8,Windy
2025-01-04 17:30:00,Hyderabad,17.3,38,9.0,14.7,Fog
2025-01-04 18:00:00,Ahmedabad,31.7,25,37.1,10.4,Rain
2025-01-04 18:30:00,Bangalore,43.4,59,32.9,6.0,Cloudy
2025-01-04 19:00:00,Ahmedabad,10.3,74,13.9,18.3,Sunny
2025-01-04 19:30:00,Bangalore,22.3,95,13.6,1.6,Windy
2025-01-04 20:00:00,Hyderabad,43.6,57,12.8,11.1,Thunderstorm
2025-01-04 20:30:00,Bangalore,37.6,26,17.3,5.0,Cloudy
2025-01-04 21:00:00,Delhi,27.8,52,32.8,13.8,Fog
2025-01-04 21:30:00,Chennai,21.6,24,3.4,13.0,Fog
2025-01-04 22:00:00,Delhi,36.8,61,11.3,3.4,Drizzle
2025-01-04 22:30:00,Hyderabad,41.1,26,32.6,3.6,Cloudy
2025-01-04 23:00:00,Delhi,19.1,53,34.0,13.5,Fog
2025-01-04 23:30:00,Lucknow,19.3,42,34.4,16.3,Drizzle
2025-01-05 00:00:00,Bangalore,11.7,46,3.2,16.0,Fog
2025-01-05 00:30:00,Hyderabad,32.1,76,39.8,17.4,Drizzle
2025-01-05 01:00:00,Lucknow,25.8,38,7.3,17.5,Thunderstorm
2025-01-05 01:30:00,Jaipur,12.6,47,30.3,13.4,Haze
2025-01-05 02:00:00,Mumbai,38.2,69,32.7,16.9,Drizzle
2025-01-05 02:30:00,Ahmedabad,36.5,30,30.4,2.1,Fog
2025-01-05 03:00:00,Bangalore,17.2,83,26.1,18.3,Haze
2025-01-05 03:30:00,Ahmedabad,27.3,71,33.5,14.2,Drizzle
2025-01-05 04:00:00,Delhi,26.5,89,3.1,7.0,Drizzle
2025-01-05 04:30:00,Pune,31.0,87,3.8,19.9,Fog
2025-01-05 05:00:00,Bangalore,28.1,24,27.0,3.9,Cloudy
2025-01-05 05:30:00,Pune,16.1,67,25.2,17.2,Sunny
2025-01-05 06:00:00,Pune,32.2,51,25.6,11.3,Drizzle
2025-01-05 06:30:00,Kolkata,18.3,37,2.4,6.1,Drizzle
2025-01-05 07:00:00,Delhi,22.0,66,25.7,9.1,Thunderstorm
2025-01-05 07:30:00,Bangalore,13.4,72,33.6,17.7,Sunny
2025-01-05 08:00:00,Chennai,15.4,60,25.1,4.9,Thunderstorm
2025-01-05 08:30:00,Kolkata,14.4,83,38.8,4.0,Sunny
2025-01-05 09:00:00,Chennai,22.5,43,20.1,17.5,Thunderstorm
2025-01-05 09:30:00,Mumbai,10.7,56,39.3,1.3,Sunny
2025-01-05 10:00:00,Chennai,15.0,57,23.6,18.3,Drizzle
2025-01-05 10:30:00,Mumbai,40.9,90,36.3,18.7,Fog
2025-01-05 11:00:00,Bangalore,16.2,66,17.1,15.1,Haze
2025-01-05 11:30:00,Kolkata,12.8,28,32.3,6.7,Windy
2025-01-05 12:00:00,Ahmedabad,38.2,78,26.1,14.1,Sunny
2025-01-05 12:30:00,Chennai,12.0,41,19.7,12.4,Fog
2025-01-05 13:00:00,Lucknow,15.8,44,33.9,10.5,Sunny
2025-01-05 13:30:00,Jaipur,21.5,72,24.4,3.0,Sunny
2025-01-05 14:00:00,Lucknow,14.3,54,26.2,3.4,Sunny
2025-01-05 14:30:00,Mumbai,25.0,21,21.9,7.4,Fog
2025-01-05 15:00:00,Bangalore,29.6,68,37.3,5.7,Sunny
2025-01-05 15:30:00,Ahmedabad,33.9,36,14.1,18.7,Rain
2025-01-05 16:00:00,Jaipur,14.5,77,12.4,14.4,Windy
2025-01-05 16:30:00,Jaipur,22.2,62,10.8,8.6,Drizzle
2025-01-05 17:00:00,Hyderabad,12.3,79,33.1,2.6,Drizzle
2025-01-05 17:30:00,Jaipur,22.9,67,11.9,3.4,Thunderstorm
2025-01-05 18:00:00,Bangalore,44.2,25,30.3,15.1,Haze
2025-01-05 18:30:00,Delhi,22.4,31,14.6,2.4,Rain
2025-01-05 19:00:00,Bangalore,37.3,64,28.1,0.3,Sunny
2025-01-05 19:30:00,Kolkata,27.7,45,9.2,0.8,Thunderstorm
2025-01-05 20:00:00,Ahmedabad,27.4,30,3.1,7.4,Cloudy
2025-01-05 20:30:00,Hyderabad,43.3,64,13.3,13.1,Windy
2025-01-05 21:00:00,Hyderabad,35.9,52,37.5,15.3,Cloudy
2025-01-05 21:30:00,Delhi,25.2,82,5.7,17.6,Drizzle
2025-01-05 22:00:00,Delhi,11.0,62,3.6,0.7,Fog
2025-01-05 22:30:00,Mumbai,18.5,62,35.6,19.2,Drizzle
2025-01-05 23:00:00,Jaipur,33.2,80,9.4,12.0,Drizzle
2025-01-05 23:30:00,Pune,38.4,82,19.4,3.5,Thunderstorm
2025-01-06 00:00:00,Lucknow,33.5,59,11.7,8.0,Cloudy
2025-01-06 00:30:00,Mumbai,16.1,75,30.8,10.6,Haze
2025-01-06 01:00:00,Hyderabad,43.8,88,12.6,16.1,Drizzle
2025-01-06 01:30:00,Pune,12.8,90,31.5,3.2,Windy
2025-01-06 02:00:00,Ahmedabad,13.8,85,12.5,17.4,Sunny
2025-01-06 02:30:00,Bangalore,37.4,91,7.9,10.0,Cloudy
2025-01-06 03:00:00,Kolkata,22.7,32,19.2,16.1,Fog
2025-01-06 03:30:00,Lucknow,29.6,59,23.5,9.4,Drizzle
2025-01-06 04:00:00,Jaipur,10.7,58,1.3,11.2,Haze
2025-01-06 04:30:00,Hyderabad,24.4,31,34.7,16.5,Fog
2025-01-06 05:00:00,Kolkata,10.5,95,3.1,8.6,Drizzle
2025-01-06 05:30:00,Delhi,40.1,67,8.3,18.6,Sunny
2025-01-06 06:00:00,Kolkata,26.0,73,4.8,15.3,Thunderstorm
2025-01-06 06:30:00,Jaipur,16.2,71,21.8,4.4,Rain
2025-01-06 07:00:00,Lucknow,42.4,49,24.9,0.7,Drizzle
2025-01-06 07:30:00,Pune,21.1,22,15.9,13.5,Windy
2025-01-06 08:00:00,Jaipur,33.6,63,31.6,3.1,Windy
2025-01-06 08:30:00,Mumbai,27.0,50,10.9,19.9,Drizzle
2025-01-06 09:00:00,Lucknow,36.6,94,26.5,17.5,Rain
2025-01-06 09:30:00,Hyderabad,19.6,51,1.1,6.9,Sunny
2025-01-06 10:00:00,Chennai,26.8,25,31.7,10.4,Windy
2025-01-06 10:30:00,Hyderabad,33.8,73,14.5,1.0,Fog
2025-01-06 11:00:00,Ahmedabad,38.6,61,32.0,7.9,Haze
2025-01-06 11:30:00,Jaipur,44.6,85,3.3,5.7,Rain
2025-01-06 12:00:00,Delhi,18.9,51,37.1,15.2,Windy
2025-01-06 12:30:00,Hyderabad,34.7,83,18.6,17.8,Fog
2025-01-06 13:00:00,Ahmedabad,11.6,58,7.6,4.4,Rain
2025-01-06 13:30:00,Bangalore,15.3,52,20.8,0.1,Drizzle
2025-01-06 14:00:00,Delhi,25.1,75,12.6,17.9,Drizzle
2025-01-06 14:30:00,Jaipur,28.1,57,33.9,11.0,Haze
2025-01-06 15:00:00,Lucknow,39.3,70,21.4,13.4,Windy
2025-01-06 15:30:00,Chennai,39.9,60,34.4,2.4,Rain
2025-01-06 16:00:00,Chennai,17.0,84,2.6,14.4,Haze
2025-01-06 16:30:00,Jaipur,41.0,90,27.3,3.9,Rain
2025-01-06 17:00:00,Delhi,16.6,89,17.9,1.5,Cloudy
2025-01-06 17:30:00,Bangalore,43.7,44,3.2,3.5,Rain
2025-01-06 18:00:00,Ahmedabad,12.9,53,14.6,10.9,Sunny
2025-01-06 18:30:00,Lucknow,33.1,76,35.0,17.7,Haze
2025-01-06 19:00:00,Bangalore,28.3,30,25.3,12.5,Cloudy
2025-01-06 19:30:00,Delhi,25.5,83,38.3,15.3,Sunny
2025-01-06 20:00:00,Delhi,31.0,57,12.4,3.7,Rain
2025-01-06 20:30:00,Pune,12.6,92,26.7,18.8,Thunderstorm
2025-01-06 21:00:00,Chennai,18.2,83,37.0,16.9,Drizzle
2025-01-06 21:30:00,Delhi,38.4,45,5.3,0.8,Thunderstorm
2025-01-06 22:00:00,Bangalore,14.6,87,17.2,0.7,Haze
2025-01-06 22:30:00,Chennai,14.6,71,37.7,16.3,Fog
2025-01-06 23:00:00,Jaipur,38.1,42,10.8,0.4,Rain
2025-01-06 23:30:00,Lucknow,36.9,47,34.7,7.8,Thunderstorm
2025-01-07 00:00:00,Mumbai,43.6,52,24.7,5.1,Haze
2025-01-07 00:30:00,Bangalore,30.7,54,25.0,14.9,Fog
2025-01-07 01:00:00,Jaipur,23.5,47,24.2,7.3,Windy
2025-01-07 01:30:00,Lucknow,15.7,62,37.0,10.6,Rain
2025-01-07 02:00:00,Lucknow,35.0,83,20.5,14.4,Fog
2025-01-07 02:30:00,Lucknow,34.0,23,18.6,15.8,Drizzle
2025-01-07 03:00:00,Mumbai,23.9,36,2.4,17.4,Drizzle
2025-01-07 03:30:00,Ahmedabad,33.4,25,19.6,18.1,Drizzle
2025-01-07 04:00:00,Jaipur,15.4,75,20.4,3.0,Rain
2025-01-07 04:30:00,Mumbai,21.7,93,4.5,3.7,Haze
2025-01-07 05:00:00,Hyderabad,41.7,61,5.5,16.0,Thunderstorm
2025-01-07 05:30:00,Chennai,27.9,86,32.1,14.0,Rain
2025-01-07 06:00:00,Bangalore,16.7,79,39.6,10.0,Windy
2025-01-07 06:30:00,Bangalore,40.8,50,12.1,19.6,Drizzle
2025-01-07 07:00:00,Delhi,23.5,91,24.3,4.0,Cloudy
2025-01-07 07:30:00,Jaipur,20.1,24,21.8,14.9,Cloudy
2025-01-07 08:00:00,Ahmedabad,41.2,83,14.8,16.8,Fog
2025-01-07 08:30:00,Lucknow,18.7,73,16.6,3.6,Fog
2025-01-07 09:00:00,Lucknow,12.4,82,3.4,12.1,Windy
2025-01-07 09:30:00,Ahmedabad,22.7,37,37.3,6.1,Sunny
2025-01-07 10:00:00,Jaipur,16.9,57,39.6,18.5,Rain
2025-01-07 10:30:00,Jaipur,36.3,28,32.9,15.2,Sunny
2025-01-07 11:00:00,Ahmedabad,34.0,40,27.5,7.4,Drizzle
2025-01-07 11:30:00,Lucknow,14.3,59,3.9,15.4,Drizzle
2025-01-07 12:00:00,Ahmedabad,28.5,33,18.1,2.5,Thunderstorm
2025-01-07 12:30:00,Lucknow,25.9,60,22.9,11.4,Thunderstorm
2025-01-07 13:00:00,Kolkata,15.5,66,36.0,6.3,Haze
2025-01-07 13:30:00,Pune,18.6,51,3.8,11.4,Windy
2025-01-07 14:00:00,Kolkata,26.5,44,34.1,12.6,Sunny
2025-01-07 14:30:00,Pune,41.6,82,24.1,8.7,Haze
2025-01-07 15:00:00,Bangalore,17.2,60,24.5,13.8,Haze
2025-01-07 15:30:00,Kolkata,32.1,20,16.7,19.6,Haze
2025-01-07 16:00:00,Lucknow,11.9,47,3.7,18.8,Windy
2025-01-07 16:30:00,Delhi,32.4,36,12.7,17.9,Sunny
2025-01-07 17:00:00,Mumbai,14.0,23,13.4,5.8,Rain
2025-01-07 17:30:00,Jaipur,28.1,35,17.0,2.1,Thunderstorm
2025-01-07 18:00:00,Jaipur,44.6,55,27.6,1.7,Drizzle
2025-01-07 18:30:00,Kolkata,40.6,29,5.4,3.3,Haze
2025-01-07 19:00:00,Chennai,22.1,63,30.2,18.4,Rain
2025-01-07 19:30:00,Lucknow,37.9,89,6.6,14.7,Drizzle
2025-01-07 20:00:00,Ahmedabad,13.0,37,18.4,8.3,Drizzle
2025-01-07 20:30:00,Ahmedabad,33.0,42,23.1,13.7,Fog
2025-01-07 21:00:00,Hyderabad,40.1,27,18.6,2.4,Cloudy
2025-01-07 21:30:00,Mumbai,13.5,39,37.9,16.4,Windy
2025-01-07 22:00:00,Bangalore,42.3,21,33.7,11.0,Sunny
2025-01-07 22:30:00,Chennai,36.7,30,28.2,18.8,Cloudy
2025-01-07 23:00:00,Mumbai,11.8,83,28.0,18.6,Cloudy
2025-01-07 23:30:00,Mumbai,21.1,27,33.7,5.8,Fog
2025-01-08 00:00:00,Lucknow,32.7,61,16.9,3.2,Thunderstorm
2025-01-08 00:30:00,Lucknow,30.1,83,24.0,12.6,Cloudy
2025-01-08 01:00:00,Chennai,12.6,71,32.9,0.4,Drizzle
2025-01-08 01:30:00,Kolkata,34.6,50,29.9,8.7,Drizzle
2025-01-08 02:00:00,Hyderabad,36.9,68,31.6,8.1,Sunny
2025-01-08 02:30:00,Pune,16.4,90,19.1,6.3,Rain
2025-01-08 03:00:00,Mumbai,44.6,81,39.6,18.6,Thunderstorm
2025-01-08 03:30:00,Hyderabad,21.9,28,23.5,5.1,Fog
2025-01-08 04:00:00,Jaipur,44.5,31,13.1,3.3,Windy
2025-01-08 04:30:00,Lucknow,39.2,48,3.3,10.7,Drizzle
2025-01-08 05:00:00,Ahmedabad,14.4,61,2.8,7.8,Rain
2025-01-08 05:30:00,Hyderabad,32.6,41,2.8,16.7,Thunderstorm
2025-01-08 06:00:00,Bangalore,39.6,22,19.5,2.4,Drizzle
2025-01-08 06:30:00,Lucknow,16.5,27,30.4,0.5,Drizzle
2025-01-08 07:00:00,Jaipur,11.7,87,4.2,6.7,Windy
2025-01-08 07:30:00,Hyderabad,40.7,54,10.3,16.6,Windy
2025-01-08 08:00:00,Chennai,20.1,38,10.1,17.6,Windy
2025-01-08 08:30:00,Bangalore,33.5,42,8.6,8.2,Windy
2025-01-08 09:00:00,Bangalore,26.9,58,29.7,11.2,Fog
2025-01-08 09:30:00,Hyderabad,12.4,68,17.1,12.8,Thunderstorm
2025-01-08 10:00:00,Lucknow,12.3,58,10.2,1.9,Cloudy
2025-01-08 10:30:00,Bangalore,30.7,66,2.9,12.6,Thunderstorm
2025-01-08 11:00:00,Pune,10.9,43,19.9,12.2,Windy
2025-01-08 11:30:00,Chennai,16.5,76,17.7,13.8,Haze
2025-01-08 12:00:00,Jaipur,20.7,85,25.3,3.1,Rain
2025-01-08 12:30:00,Lucknow,10.9,85,6.0,3.9,Drizzle
2025-01-08 13:00:00,Lucknow,18.6,83,39.6,18.3,Fog
2025-01-08 13:30:00,Kolkata,31.5,31,37.2,7.6,Fog
2025-01-08 14:00:00,Pune,39.6,27,33.9,1.6,Drizzle
2025-01-08 14:30:00,Mumbai,20.8,54,29.4,6.0,Rain
2025-01-08 15:00:00,Delhi,15.1,77,4.1,6.4,Cloudy
2025-01-08 15:30:00,Hyderabad,40.5,94,26.7,16.6,Thunderstorm
2025-01-08 16:00:00,Bangalore,11.8,52,31.2,13.5,Drizzle
2025-01-08 16:30:00,Pune,40.7,75,4.5,3.0,Thunderstorm
2025-01-08 17:00:00,Bangalore,25.2,40,17.7,9.2,Rain
2025-01-08 17:30:00,Hyderabad,44.0,60,8.7,9.3,Fog
2025-01-08 18:00:00,Chennai,40.7,22,7.7,12.9,Rain
2025-01-08 18:30:00,Hyderabad,44.5,72,23.4,5.7,Cloudy
2025-01-08 19:00:00,Jaipur,17.0,26,3.5,13.6,Drizzle
2025-01-08 19:30:00,Mumbai,26.4,81,5.2,2.4,Fog
2025-01-08 20:00:00,Kolkata,33.4,56,29.3,0.0,Rain
2025-01-08 20:30:00,Pune,34.9,70,24.6,9.2,Rain
2025-01-08 21:00:00,Chennai,14.1,59,13.8,1.7,Drizzle
2025-01-08 21:30:00,Bangalore,35.0,62,11.1,10.5,Sunny
2025-01-08 22:00:00,Hyderabad,40.3,81,18.2,18.6,Sunny
2025-01-08 22:30:00,Hyderabad,44.3,75,39.5,10.4,Drizzle
2025-01-08 23:00:00,Hyderabad,22.6,69,3.9,11.6,Cloudy
2025-01-08 23:30:00,Bangalore,40.9,73,28.2,17.8,Thunderstorm
2025-01-09 00:00:00,Chennai,19.6,59,22.1,5.7,Fog
2025-01-09 00:30:00,Delhi,17.5,75,30.5,15.8,Sunny
2025-01-09 01:00:00,Hyderabad,29.0,81,22.9,10.1,Fog
2025-01-09 01:30:00,Hyderabad,10.8,66,12.9,9.3,Rain
2025-01-09 02:00:00,Chennai,23.0,67,11.5,15.2,Rain
2025-01-09 02:30:00,Delhi,13.4,90,24.7,17.2,Cloudy
2025-01-09 03:00:00,Bangalore,19.6,25,25.4,1.8,Haze
2025-01-09 03:30:00,Lucknow,19.8,24,21.7,4.2,Rain
2025-01-09 04:00:00,Jaipur,36.2,93,22.3,8.2,Thunderstorm
2025-01-09 04:30:00,Bangalore,13.6,52,18.0,7.7,Windy
2025-01-09 05:00:00,Pune,29.9,32,36.6,12.0,Cloudy
2025-01-09 05:30:00,Lucknow,38.8,42,35.1,14.9,Haze
2025-01-09 06:00:00,Bangalore,27.2,22,22.0,8.1,Sunny
2025-01-09 06:30:00,Hyderabad,38.5,49,31.3,6.8,Windy
2025-01-09 07:00:00,Delhi,44.6,84,19.2,3.3,Sunny
2025-01-09 07:30:00,Delhi,35.8,93,36.9,13.0,Windy
2025-01-09 08:00:00,Bangalore,31.7,70,37.7,3.0,Rain
2025-01-09 08:30:00,Mumbai,31.1,59,20.1,4.8,Sunny
2025-01-09 09:00:00,Chennai,34.9,40,15.5,8.8,Windy
2025-01-09 09:30:00,Pune,34.4,77,37.9,14.2,Windy
2025-01-09 10:00:00,Bangalore,25.1,49,24.2,12.4,Haze
2025-01-09 10:30:00,Ahmedabad,24.4,88,3.2,16.9,Drizzle
2025-01-09 11:00:00,Pune,11.0,26,36.5,0.3,Windy
2025-01-09 11:30:00,Bangalore,13.7,70,10.0,16.4,Haze
2025-01-09 12:00:00,Pune,25.7,45,33.5,15.3,Rain
2025-01-09 12:30:00,Kolkata,40.2,49,22.5,3.0,Sunny
2025-01-09 13:00:00,Pune,32.8,91,26.3,12.2,Thunderstorm
2025-01-09 13:30:00,Hyderabad,20.9,64,10.3,0.6,Thunderstorm
2025-01-09 14:00:00,Pune,26.6,89,12.9,14.6,Haze
2025-01-09 14:30:00,Jaipur,19.6,48,38.6,10.0,Windy
2025-01-09 15:00:00,Ahmedabad,39.6,53,32.6,10.7,Fog
2025-01-09 15:30:00,Pune,41.0,69,14.6,18.5,Haze
2025-01-09 16:00:00,Delhi,21.3,50,33.4,8.4,Fog
2025-01-09 16:30:00,Ahmedabad,35.2,54,30.8,14.5,Sunny
2025-01-09 17:00:00,Hyderabad,22.6,92,11.4,6.0,Fog
2025-01-09 17:30:00,Hyderabad,21.5,52,7.1,3.2,Drizzle
2025-01-09 18:00:00,Hyderabad,44.6,59,4.5,19.0,Fog
2025-01-09 18:30:00,Bangalore,23.8,43,17.6,4.8,Sunny
2025-01-09 19:00:00,Jaipur,14.1,31,15.8,13.7,Sunny
2025-01-09 19:30:00,Jaipur,14.0,74,3.4,16.1,Rain
2025-01-09 20:00:00,Hyderabad,23.9,84,25.9,8.4,Windy
2025-01-09 20:30:00,Lucknow,31.9,39,8.8,9.4,Drizzle
2025-01-09 21:00:00,Mumbai,30.0,79,11.1,17.0,Haze
2025-01-09 21:30:00,Jaipur,29.0,66,10.6,17.2,Windy
2025-01-09 22:00:00,Chennai,13.6,86,24.8,2.2,Thunderstorm
2025-01-09 22:30:00,Lucknow,32.5,24,33.0,7.2,Windy
2025-01-09 23:00:00,Delhi,27.2,81,28.6,6.1,Haze
2025-01-09 23:30:00,Chennai,30.8,61,15.2,15.9,Cloudy
2025-01-10 00:00:00,Bangalore,22.8,82,21.3,5.8,Windy
2025-01-10 00:30:00,Hyderabad,30.4,20,6.8,11.4,Haze
2025-01-10 01:00:00,Lucknow,24.9,20,10.2,17.1,Thunderstorm
2025-01-10 01:30:00,Pune,40.6,52,7.6,6.3,Rain
2025-01-10 02:00:00,Mumbai,32.7,37,28.7,17.7,Sunny
2025-01-10 02:30:00,Chennai,38.6,64,32.1,3.4,Thunderstorm
2025-01-10 03:00:00,Hyderabad,25.9,69,19.1,4.4,Windy
2025-01-10 03:30:00,Ahmedabad,43.4,84,6.2,11.3,Fog
2025-01-10 04:00:00,Jaipur,32.6,83,38.9,16.8,Haze
2025-01-10 04:30:00,Lucknow,33.4,74,39.0,9.0,Thunderstorm
2025-01-10 05:00:00,Bangalore,18.1,70,2.8,9.8,Thunderstorm
2025-01-10 05:30:00,Hyderabad,41.1,74,26.5,2.0,Drizzle
2025-01-10 06:00:00,Mumbai,32.1,24,9.5,2.4,Drizzle
2025-01-10 06:30:00,Hyderabad,10.5,25,18.8,0.0,Cloudy
2025-01-10 07:00:00,Hyderabad,19.1,82,37.3,7.9,Windy
2025-01-10 07:30:00,Hyderabad,35.1,53,3.1,7.8,Fog
2025-01-10 08:00:00,Jaipur,21.6,21,21.2,5.3,Cloudy
2025-01-10 08:30:00,Bangalore,11.5,56,29.5,14.6,Rain
2025-01-10 09:00:00,Jaipur,24.4,85,35.6,0.1,Drizzle
2025-01-10 09:30:00,Lucknow,13.2,91,32.0,0.7,Drizzle
2025-01-10 10:00:00,Chennai,40.2,28,14.6,11.3,Sunny
2025-01-10 10:30:00,Chennai,27.0,95,25.6,13.3,Sunny
2025-01-10 11:00:00,Lucknow,19.7,71,28.0,14.7,Sunny
2025-01-10 11:30:00,Pune,18.8,76,37.3,8.3,Thunderstorm
2025-01-10 12:00:00,Pune,35.5,64,18.7,8.2,Thunderstorm
2025-01-10 12:30:00,Ahmedabad,10.9,42,8.2,18.1,Fog
2025-01-10 13:00:00,Kolkata,20.1,56,5.3,14.8,Fog
2025-01-10 13:30:00,Ahmedabad,35.4,88,25.3,11.5,Cloudy
2025-01-10 14:00:00,Bangalore,22.8,45,16.2,2.4,Rain
2025-01-10 14:30:00,Kolkata,24.3,93,9.7,3.5,Sunny
2025-01-10 15:00:00,Pune,26.0,81,27.6,17.9,Rain
2025-01-10 15:30:00,Jaipur,25.1,83,31.4,8.3,Drizzle
2025-01-10 16:00:00,Hyderabad,44.8,24,2.8,16.4,Rain
2025-01-10 16:30:00,Ahmedabad,27.7,27,22.1,18.9,Drizzle
2025-01-10 17:00:00,Pune,17.6,85,38.3,7.9,Cloudy
2025-01-10 17:30:00,Pune,38.4,44,18.7,15.2,Cloudy
2025-01-10 18:00:00,Bangalore,35.7,22,34.9,17.1,Haze
2025-01-10 18:30:00,Pune,20.6,50,24.1,1.3,Thunderstorm
2025-01-10 19:00:00,Ahmedabad,21.5,57,3.2,17.8,Thunderstorm
2025-01-10 19:30:00,Pune,33.8,51,5.7,6.1,Rain
2025-01-10 20:00:00,Kolkata,25.7,20,5.8,8.2,Thunderstorm
2025-01-10 20:30:00,Kolkata,31.0,63,15.7,19.0,Thunderstorm
2025-01-10 21:00:00,Ahmedabad,36.7,33,12.8,9.2,Windy
2025-01-10 21:30:00,Ahmedabad,44.5,77,4.2,2.0,Fog
2025-01-10 22:00:00,Mumbai,13.8,25,13.6,11.7,Cloudy
2025-01-10 22:30:00,Jaipur,37.7,92,31.6,7.0,Drizzle
2025-01-10 23:00:00,Delhi,38.0,92,35.5,19.3,Drizzle
2025-01-10 23:30:00,Bangalore,34.9,74,9.3,6.7,Fog
2025-01-11 00:00:00,Lucknow,39.6,88,24.1,12.4,Drizzle
2025-01-11 00:30:00,Bangalore,12.4,90,19.8,3.6,Haze
2025-01-11 01:00:00,Bangalore,35.6,20,11.9,12.9,Thunderstorm
2025-01-11 01:30:00,Jaipur,15.4,84,34.9,9.2,Windy
2025-01-11 02:00:00,Bangalore,25.6,51,27.3,8.6,Windy
2025-01-11 02:30:00,Mumbai,31.4,38,1.4,6.8,Windy
2025-01-11 03:00:00,Delhi,24.3,65,38.5,16.9,Rain
2025-01-11 03:30:00,Chennai,30.7,94,2.8,7.9,Rain
2025-01-11 04:00:00,Delhi,44.3,52,16.0,13.1,Windy
2025-01-11 04:30:00,Ahmedabad,13.9,71,32.5,2.7,Thunderstorm
2025-01-11 05:00:00,Kolkata,16.4,90,39.8,9.7,Cloudy
2025-01-11 05:30:00,Bangalore,18.9,81,15.0,2.5,Fog
2025-01-11 06:00:00,Delhi,33.3,71,26.3,9.3,Fog
2025-01-11 06:30:00,Chennai,13.2,86,20.0,0.1,Windy
2025-01-11 07:00:00,Pune,24.1,40,34.1,10.8,Cloudy
2025-01-11 07:30:00,Lucknow,31.3,56,17.9,3.0,Cloudy
2025-01-11 08:00:00,Kolkata,17.6,35,33.3,8.1,Rain
2025-01-11 08:30:00,Ahmedabad,20.9,92,25.0,4.4,Drizzle
2025-01-11 09:00:00,Kolkata,23.5,59,1.8,18.7,Windy
2025-01-11 09:30:00,Hyderabad,29.2,55,11.1,8.0,Haze
2025-01-11 10:00:00,Mumbai,34.3,95,27.9,14.2,Cloudy
2025-01-11 10:30:00,Mumbai,10.9,35,28.2,16.5,Windy
2025-01-11 11:00:00,Chennai,17.7,55,35.0,9.8,Sunny
2025-01-11 11:30:00,Pune,12.8,25,32.1,8.4,Haze
2025-01-11 12:00:00,Bangalore,12.7,79,18.3,9.8,Haze
2025-01-11 12:30:00,Kolkata,43.9,34,3.5,5.2,Drizzle
2025-01-11 13:00:00,Bangalore,17.9,24,21.9,14.8,Rain
2025-01-11 13:30:00,Chennai,20.1,70,16.7,19.8,Sunny
2025-01-11 14:00:00,Kolkata,42.1,66,7.0,5.4,Haze
2025-01-11 14:30:00,Lucknow,22.5,73,13.0,14.3,Cloudy
2025-01-11 15:00:00,Pune,21.5,64,24.8,2.1,Haze
2025-01-11 15:30:00,Chennai,43.6,75,6.6,0.8,Haze
2025-01-11 16:00:00,Kolkata,19.3,49,34.6,5.1,Fog
2025-01-11 16:30:00,Kolkata,35.4,80,35.5,14.8,Drizzle
2025-01-11 17:00:00,Delhi,42.8,61,11.3,6.0,Rain
2025-01-11 17:30:00,Pune,30.4,93,27.9,16.9,Fog
2025-01-11 18:00:00,Delhi,34.7,45,7.6,11.1,Sunny
2025-01-11 18:30:00,Hyderabad,19.1,88,22.7,15.6,Drizzle
2025-01-11 19:00:00,Chennai,21.3,26,16.7,2.8,Fog
2025-01-11 19:30:00,Hyderabad,17.1,86,39.9,0.3,Windy
2025-01-11 20:00:00,Kolkata,43.9,24,11.6,7.0,Windy
2025-01-11 20:30:00,Chennai,26.7,56,11.4,4.4,Haze
2025-01-11 21:00:00,Jaipur,38.7,23,9.8,2.9,Sunny
2025-01-11 21:30:00,Ahmedabad,27.3,59,22.3,3.7,Drizzle
2025-01-11 22:00:00,Kolkata,29.7,35,25.6,11.8,Drizzle
2025-01-11 22:30:00,Lucknow,31.5,21,24.9,16.7,Drizzle
2025-01-11 23:00:00,Bangalore,11.5,55,13.4,18.3,Thunderstorm
2025-01-11 23:30:00,Chennai,38.5,55,31.2,18.6,Haze
2025-01-12 00:00:00,Delhi,16.0,65,22.0,13.4,Drizzle
2025-01-12 00:30:00,Chennai,17.4,84,25.8,3.3,Sunny
2025-01-12 01:00:00,Hyderabad,41.2,34,22.6,16.6,Fog
2025-01-12 01:30:00,Mumbai,40.4,24,28.4,12.7,Windy
2025-01-12 02:00:00,Ahmedabad,10.6,50,10.4,17.1,Thunderstorm
2025-01-12 02:30:00,Ahmedabad,34.4,69,10.7,12.9,Drizzle
2025-01-12 03:00:00,Mumbai,42.4,26,28.5,15.8,Fog
2025-01-12 03:30:00,Chennai,26.2,70,11.7,18.1,Fog
2025-01-12 04:00:00,Bangalore,17.7,72,2.1,9.5,Fog
2025-01-12 04:30:00,Lucknow,23.6,67,15.4,16.8,Thunderstorm
2025-01-12 05:00:00,Ahmedabad,28.8,83,14.9,0.4,Windy
2025-01-12 05:30:00,Bangalore,34.3,64,10.3,17.1,Thunderstorm
2025-01-12 06:00:00,Kolkata,36.9,41,8.4,12.4,Drizzle
2025-01-12 06:30:00,Hyderabad,29.8,54,32.6,0.0,Fog
2025-01-12 07:00:00,Bangalore,16.2,54,7.7,2.5,Rain
2025-01-12 07:30:00,Pune,21.8,23,29.7,14.4,Windy
2025-01-12 08:00:00,Delhi,40.1,56,26.6,8.9,Cloudy
2025-01-12 08:30:00,Ahmedabad,38.0,30,27.5,8.7,Fog
2025-01-12 09:00:00,Delhi,18.9,21,6.1,3.4,Fog
2025-01-12 09:30:00,Lucknow,43.9,77,14.5,13.3,Rain
2025-01-12 10:00:00,Jaipur,32.4,27,26.6,4.0,Rain
2025-01-12 10:30:00,Mumbai,39.9,61,1.6,16.1,Windy
2025-01-12 11:00:00,Hyderabad,15.6,27,8.3,0.2,Windy
2025-01-12 11:30:00,Bangalore,12.4,60,18.6,18.2,Drizzle
2025-01-12 12:00:00,Ahmedabad,28.2,77,38.2,19.6,Windy
2025-01-12 12:30:00,Jaipur,18.5,68,19.5,1.1,Haze
2025-01-12 13:00:00,Bangalore,33.9,62,27.0,2.4,Drizzle
2025-01-12 13:30:00,Delhi,40.5,93,28.7,1.2,Cloudy
2025-01-12 14:00:00,Chennai,39.6,80,13.3,7.2,Fog
2025-01-12 14:30:00,Delhi,38.3,49,11.3,1.5,Sunny
2025-01-12 15:00:00,Jaipur,34.4,69,37.1,9.5,Fog
2025-01-12 15:30:00,Lucknow,40.8,26,39.3,16.0,Cloudy
2025-01-12 16:00:00,Jaipur,11.1,81,9.1,5.4,Cloudy
2025-01-12 16:30:00,Pune,34.0,36,6.4,7.6,Sunny
2025-01-12 17:00:00,Bangalore,22.1,36,21.4,7.8,Fog
2025-01-12 17:30:00,Kolkata,19.8,68,15.9,19.5,Drizzle
2025-01-12 18:00:00,Kolkata,38.5,80,18.1,3.4,Fog
2025-01-12 18:30:00,Ahmedabad,24.7,66,14.6,18.5,Rain
2025-01-12 19:00:00,Pune,14.6,32,36.2,6.8,Windy
2025-01-12 19:30:00,Ahmedabad,30.2,44,13.5,8.6,Haze
2025-01-12 20:00:00,Pune,24.8,92,3.3,11.3,Fog
2025-01-12 20:30:00,Kolkata,22.9,40,6.6,5.3,Haze
2025-01-12 21:00:00,Jaipur,18.6,67,34.0,11.9,Cloudy
2025-01-12 21:30:00,Mumbai,12.9,74,17.9,15.0,Rain
2025-01-12 22:00:00,Delhi,17.6,23,36.9,10.7,Rain
2025-01-12 22:30:00,Jaipur,11.0,57,6.8,2.7,Drizzle
2025-01-12 23:00:00,Chennai,35.8,33,10.7,1.2,Thunderstorm
2025-01-12 23:30:00,Ahmedabad,36.7,59,14.8,0.9,Haze
2025-01-13 00:00:00,Hyderabad,31.9,85,7.9,2.3,Fog
2025-01-13 00:30:00,Chennai,20.1,37,5.8,13.4,Fog
2025-01-13 01:00:00,Chennai,27.8,58,40.0,10.7,Haze
2025-01-13 01:30:00,Ahmedabad,27.3,79,29.9,15.7,Sunny
2025-01-13 02:00:00,Kolkata,21.1,53,17.2,16.4,Cloudy
2025-01-13 02:30:00,Hyderabad,41.6,30,34.6,15.7,Rain
2025-01-13 03:00:00,Pune,40.6,85,36.4,2.3,Cloudy
2025-01-13 03:30:00,Jaipur,32.3,60,31.4,18.4,Cloudy
2025-01-13 04:00:00,Pune,24.0,75,3.5,3.0,Thunderstorm
2025-01-13 04:30:00,Delhi,35.3,48,24.7,11.4,Haze
2025-01-13 05:00:00,Ahmedabad,44.0,68,35.4,3.5,Cloudy
2025-01-13 05:30:00,Jaipur,25.9,77,2.1,15.8,Sunny
2025-01-13 06:00:00,Jaipur,29.8,50,7.0,18.7,Windy
2025-01-13 06:30:00,Lucknow,37.2,57,11.2,9.3,Sunny
2025-01-13 07:00:00,Mumbai,17.4,36,7.7,15.2,Fog
2025-01-13 07:30:00,Lucknow,42.6,37,12.5,11.1,Drizzle
2025-01-13 08:00:00,Lucknow,33.0,72,31.0,9.1,Sunny
2025-01-13 08:30:00,Pune,18.2,80,10.9,0.1,Thunderstorm
2025-01-13 09:00:00,Ahmedabad,40.0,47,32.4,17.3,Thunderstorm
2025-01-13 09:30:00,Jaipur,24.5,55,15.6,0.3,Windy
2025-01-13 10:00:00,Pune,39.2,54,1.6,14.1,Haze
2025-01-13 10:30:00,Jaipur,32.0,64,3.1,14.8,Rain
2025-01-13 11:00:00,Delhi,20.6,61,24.1,2.9,Thunderstorm
2025-01-13 11:30:00,Chennai,33.4,32,38.2,16.0,Fog
2025-01-13 12:00:00,Delhi,44.4,77,4.8,9.2,Sunny
2025-01-13 12:30:00,Hyderabad,22.6,54,13.5,11.6,Haze
2025-01-13 13:00:00,Hyderabad,40.4,36,31.3,9.8,Fog
2025-01-13 13:30:00,Chennai,32.0,20,21.1,18.9,Drizzle
2025-01-13 14:00:00,Hyderabad,44.7,35,7.3,4.0,Thunderstorm
2025-01-13 14:30:00,Delhi,14.7,30,28.4,14.1,Cloudy
2025-01-13 15:00:00,Jaipur,37.2,87,36.5,0.8,Sunny
2025-01-13 15:30:00,Bangalore,12.6,45,6.2,0.2,Thunderstorm
2025-01-13 16:00:00,Ahmedabad,19.2,50,14.4,19.1,Fog
2025-01-13 16:30:00,Ahmedabad,24.3,33,26.8,9.2,Fog
2025-01-13 17:00:00,Ahmedabad,21.3,44,37.9,15.3,Cloudy
2025-01-13 17:30:00,Hyderabad,44.9,56,39.8,19.8,Drizzle
2025-01-13 18:00:00,Kolkata,38.6,62,26.7,9.2,Fog
2025-01-13 18:30:00,Hyderabad,31.3,54,37.4,5.1,Sunny
2025-01-13 19:00:00,Jaipur,34.3,77,20.0,5.3,Cloudy
2025-01-13 19:30:00,Bangalore,27.7,27,10.6,3.3,Sunny
2025-01-13 20:00:00,Bangalore,18.7,80,21.6,3.4,Fog
2025-01-13 20:30:00,Kolkata,14.2,52,35.4,4.3,Haze
2025-01-13 21:00:00,Delhi,21.4,62,4.9,6.5,Fog
2025-01-13 21:30:00,Jaipur,25.2,80,10.8,1.4,Drizzle
2025-01-13 22:00:00,Mumbai,21.2,59,35.9,7.9,Drizzle
2025-01-13 22:30:00,Mumbai,31.1,91,9.0,19.5,Thunderstorm
2025-01-13 23:00:00,Pune,40.5,29,17.8,11.5,Cloudy
2025-01-13 23:30:00,Mumbai,24.1,29,38.6,1.1,Drizzle
2025-01-14 00:00:00,Hyderabad,29.9,70,5.6,13.9,Drizzle
2025-01-14 00:30:00,Pune,39.1,47,5.2,0.1,Drizzle
2025-01-14 01:00:00,Pune,16.1,95,25.5,14.1,Thunderstorm
2025-01-14 01:30:00,Chennai,41.4,43,5.3,2.7,Windy
2025-01-14 02:00:00,Pune,30.9,74,20.3,19.0,Cloudy
2025-01-14 02:30:00,Jaipur,29.2,92,18.3,17.6,Sunny
2025-01-14 03:00:00,Bangalore,12.2,30,15.5,15.2,Sunny
2025-01-14 03:30:00,Kolkata,31.0,22,1.6,5.4,Haze
2025-01-14 04:00:00,Pune,38.0,84,4.9,0.5,Fog
2025-01-14 04:30:00,Bangalore,27.7,76,2.1,17.6,Rain
2025-01-14 05:00:00,Jaipur,21.5,32,3.8,1.9,Sunny
2025-01-14 05:30:00,Chennai,39.3,94,4.5,4.8,Drizzle
2025-01-14 06:00:00,Delhi,27.4,49,15.6,11.1,Windy
2025-01-14 06:30:00,Jaipur,24.9,54,15.2,6.8,Fog
2025-01-14 07:00:00,Chennai,12.2,60,24.2,15.9,Thunderstorm
2025-01-14 07:30:00,Pune,11.9,58,6.4,0.8,Sunny
2025-01-14 08:00:00,Mumbai,10.3,57,7.3,2.9,Drizzle
2025-01-14 08:30:00,Pune,13.3,76,15.4,11.3,Cloudy
2025-01-14 09:00:00,Delhi,40.6,25,18.1,12.2,Haze
2025-01-14 09:30:00,Ahmedabad,44.3,37,23.6,9.6,Cloudy
2025-01-14 10:00:00,Delhi,25.5,72,3.4,1.5,Thunderstorm
2025-01-14 10:30:00,Mumbai,28.7,39,3.1,16.0,Rain
2025-01-14 11:00:00,Delhi,41.3,93,33.5,1.9,Sunny
2025-01-14 11:30:00,Lucknow,40.9,26,15.1,8.7,Fog
2025-01-14 12:00:00,Bangalore,21.3,35,26.5,17.1,Cloudy
2025-01-14 12:30:00,Jaipur,37.1,58,34.6,19.5,Haze
2025-01-14 13:00:00,Hyderabad,21.2,39,3.0,10.6,Drizzle
2025-01-14 13:30:00,Pune,25.4,71,27.9,1.0,Sunny
2025-01-14 14:00:00,Lucknow,25.2,61,9.1,6.2,Rain
2025-01-14 14:30:00,Lucknow,21.0,54,31.6,5.4,Haze
2025-01-14 15:00:00,Lucknow,41.4,91,33.9,0.9,Sunny
2025-01-14 15:30:00,Hyderabad,27.5,28,28.4,19.9,Rain
2025-01-14 16:00:00,Jaipur,27.9,38,25.8,15.6,Rain
2025-01-14 16:30:00,Jaipur,40.5,23,13.7,13.1,Cloudy
2025-01-14 17:00:00,Ahmedabad,28.1,68,12.3,11.7,Fog
2025-01-14 17:30:00,Lucknow,29.7,24,31.4,17.4,Thunderstorm
2025-01-14 18:00:00,Bangalore,27.9,20,31.8,15.6,Haze
2025-01-14 18:30:00,Mumbai,40.1,68,13.4,5.5,Sunny
2025-01-14 19:00:00,Kolkata,22.4,75,10.0,1.2,Rain
2025-01-14 19:30:00,Delhi,41.3,82,27.7,5.4,Fog
2025-01-14 20:00:00,Bangalore,41.8,90,35.8,14.9,Fog
2025-01-14 20:30:00,Jaipur,42.4,93,10.9,8.5,Fog
2025-01-14 21:00:00,Ahmedabad,38.8,47,19.0,1.8,Rain
2025-01-14 21:30:00,Bangalore,15.6,83,1.7,19.6,Rain
2025-01-14 22:00:00,Delhi,35.4,33,11.7,6.6,Sunny
2025-01-14 22:30:00,Kolkata,11.8,88,35.9,16.9,Rain
2025-01-14 23:00:00,Lucknow,12.8,76,14.2,18.7,Haze
2025-01-14 23:30:00,Lucknow,34.1,61,3.4,9.8,Fog
2025-01-15 00:00:00,Jaipur,23.4,22,2.8,8.0,Windy
2025-01-15 00:30:00,Pune,23.5,88,1.2,18.9,Thunderstorm
2025-01-15 01:00:00,Ahmedabad,41.8,22,13.4,19.1,Sunny
2025-01-15 01:30:00,Lucknow,19.4,26,25.2,0.1,Fog
2025-01-15 02:00:00,Mumbai,22.8,21,3.4,1.6,Sunny
2025-01-15 02:30:00,Ahmedabad,29.1,63,10.3,12.7,Haze
2025-01-15 03:00:00,Delhi,40.2,53,6.6,0.8,Haze
2025-01-15 03:30:00,Pune,26.0,53,2.6,11.8,Fog
2025-01-15 04:00:00,Kolkata,15.3,32,14.3,4.5,Windy
2025-01-15 04:30:00,Bangalore,42.4,84,24.8,10.6,Drizzle
2025-01-15 05:00:00,Mumbai,23.5,45,14.4,19.9,Drizzle
2025-01-15 05:30:00,Chennai,11.0,45,10.0,6.8,Fog
2025-01-15 06:00:00,Bangalore,30.4,21,23.7,2.9,Drizzle
2025-01-15 06:30:00,Bangalore,25.3,87,36.6,7.0,Haze
2025-01-15 07:00:00,Hyderabad,31.4,29,13.6,19.2,Sunny
2025-01-15 07:30:00,Pune,31.5,83,3.3,5.9,Rain
2025-01-15 08:00:00,Ahmedabad,33.1,89,31.3,5.7,Fog
2025-01-15 08:30:00,Delhi,29.6,91,1.1,5.7,Windy
2025-01-15 09:00:00,Ahmedabad,12.7,92,33.5,4.2,Drizzle
2025-01-15 09:30:00,Chennai,21.4,38,8.0,0.2,Drizzle
2025-01-15 10:00:00,Chennai,20.4,43,21.2,6.5,Sunny
2025-01-15 10:30:00,Bangalore,36.5,78,36.0,17.4,Fog
2025-01-15 11:00:00,Jaipur,24.2,60,2.1,6.5,Haze
2025-01-15 11:30:00,Mumbai,31.8,94,7.6,9.6,Cloudy
2025-01-15 12:00:00,Kolkata,33.0,63,11.7,18.2,Haze
2025-01-15 12:30:00,Lucknow,13.4,32,8.0,0.3,Cloudy
2025-01-15 13:00:00,Pune,37.8,63,37.0,1.6,Haze
2025-01-15 13:30:00,Ahmedabad,30.6,47,4.7,19.8,Fog
2025-01-15 14:00:00,Jaipur,21.5,27,9.7,2.3,Haze
2025-01-15 14:30:00,Bangalore,10.2,86,11.4,8.9,Drizzle
2025-01-15 15:00:00,Ahmedabad,41.1,84,29.8,4.4,Haze
2025-01-15 15:30:00,Ahmedabad,20.0,23,34.9,16.5,Rain
2025-01-15 16:00:00,Delhi,15.8,66,39.3,8.8,Haze
2025-01-15 16:30:00,Jaipur,15.4,38,33.5,6.4,Rain
2025-01-15 17:00:00,Hyderabad,25.8,53,39.7,19.9,Windy
2025-01-15 17:30:00,Chennai,17.0,72,37.5,1.8,Drizzle
2025-01-15 18:00:00,Chennai,18.8,87,24.1,1.3,Thunderstorm
2025-01-15 18:30:00,Mumbai,35.8,81,23.6,9.2,Sunny
2025-01-15 19:00:00,Hyderabad,21.6,22,8.5,6.8,Sunny
2025-01-15 19:30:00,Kolkata,40.9,69,33.4,3.9,Fog
2025-01-15 20:00:00,Lucknow,19.1,33,31.8,17.7,Rain
2025-01-15 20:30:00,Ahmedabad,38.3,73,21.8,5.2,Haze
2025-01-15 21:00:00,Lucknow,25.6,81,36.7,5.2,Sunny
2025-01-15 21:30:00,Lucknow,10.5,48,11.1,5.5,Thunderstorm
2025-01-15 22:00:00,Hyderabad,30.5,85,29.8,13.2,Fog
2025-01-15 22:30:00,Pune,33.1,65,7.8,16.1,Rain
2025-01-15 23:00:00,Kolkata,24.2,25,39.1,9.9,Rain
2025-01-15 23:30:00,Bangalore,44.1,20,21.3,0.8,Thunderstorm
2025-01-16 00:00:00,Kolkata,40.8,69,35.8,10.6,Rain
2025-01-16 00:30:00,Chennai,38.7,95,34.6,1.2,Rain
2025-01-16 01:00:00,Pune,33.2,21,15.0,12.2,Fog
2025-01-16 01:30:00,Mumbai,42.4,93,38.1,0.0,Sunny
2025-01-16 02:00:00,Hyderabad,38.2,74,19.7,6.9,Rain
2025-01-16 02:30:00,Jaipur,42.3,28,36.4,5.3,Drizzle
2025-01-16 03:00:00,Hyderabad,24.0,45,27.1,1.9,Thunderstorm
2025-01-16 03:30:00,Chennai,33.7,91,12.6,19.4,Haze
2025-01-16 04:00:00,Delhi,25.3,54,36.3,0.1,Fog
2025-01-16 04:30:00,Bangalore,25.4,65,11.4,17.7,Haze
2025-01-16 05:00:00,Hyderabad,39.5,92,13.9,9.6,Thunderstorm
2025-01-16 05:30:00,Delhi,22.0,31,31.8,11.0,Windy
2025-01-16 06:00:00,Chennai,16.2,39,34.4,12.3,Sunny
2025-01-16 06:30:00,Bangalore,39.3,82,15.8,17.2,Haze
2025-01-16 07:00:00,Bangalore,40.2,41,39.8,0.8,Rain
2025-01-16 07:30:00,Chennai,43.0,93,14.5,7.9,Haze
2025-01-16 08:00:00,Kolkata,11.4,79,18.1,8.5,Rain
2025-01-16 08:30:00,Chennai,10.8,64,17.9,2.3,Windy
2025-01-16 09:00:00,Delhi,23.9,65,13.4,1.4,Fog
2025-01-16 09:30:00,Delhi,41.6,38,11.7,1.0,Rain
2025-01-16 10:00:00,Kolkata,18.5,54,8.4,4.1,Fog
2025-01-16 10:30:00,Jaipur,10.5,45,23.8,6.5,Fog
2025-01-16 11:00:00,Lucknow,31.8,39,33.6,7.1,Rain
2025-01-16 11:30:00,Jaipur,23.9,30,20.7,7.0,Fog
2025-01-16 12:00:00,Delhi,27.0,84,7.2,1.8,Thunderstorm
2025-01-16 12:30:00,Jaipur,36.9,68,37.8,2.1,Fog
2025-01-16 13:00:00,Lucknow,33.9,71,26.9,17.3,Fog
2025-01-16 13:30:00,Jaipur,14.5,33,3.8,12.5,Drizzle
2025-01-16 14:00:00,Jaipur,28.1,86,9.5,1.7,Cloudy
2025-01-16 14:30:00,Mumbai,21.8,91,5.1,14.5,Sunny
2025-01-16 15:00:00,Chennai,44.7,46,15.5,1.2,Thunderstorm
2025-01-16 15:30:00,Ahmedabad,33.7,51,33.5,9.4,Rain
2025-01-16 16:00:00,Hyderabad,18.7,56,2.6,0.3,Haze
2025-01-16 16:30:00,Delhi,17.7,77,33.0,1.2,Drizzle
2025-01-16 17:00:00,Jaipur,14.2,74,10.4,0.5,Drizzle
2025-01-16 17:30:00,Hyderabad,40.7,88,6.0,5.0,Sunny
2025-01-16 18:00:00,Jaipur,41.0,84,37.3,9.8,Cloudy
2025-01-16 18:30:00,Jaipur,34.9,41,16.4,19.0,Thunderstorm
2025-01-16 19:00:00,Hyderabad,29.5,94,22.0,13.9,Sunny
2025-01-16 19:30:00,Kolkata,21.7,78,9.5,0.8,Fog
2025-01-16 20:00:00,Mumbai,30.6,75,39.4,2.8,Cloudy
2025-01-16 20:30:00,Lucknow,37.5,88,12.2,5.3,Rain
2025-01-16 21:00:00,Bangalore,16.6,35,12.2,15.2,Windy
2025-01-16 21:30:00,Jaipur,43.2,46,20.2,18.3,Haze
2025-01-16 22:00:00,Hyderabad,41.2,75,17.4,11.2,Sunny
2025-01-16 22:30:00,Chennai,43.8,20,26.0,7.8,Drizzle
2025-01-16 23:00:00,Hyderabad,40.7,38,21.6,11.3,Thunderstorm
2025-01-16 23:30:00,Pune,15.4,70,36.3,14.0,Rain
2025-01-17 00:00:00,Hyderabad,21.6,67,19.6,12.5,Rain
2025-01-17 00:30:00,Ahmedabad,15.9,64,13.9,0.8,Cloudy
2025-01-17 01:00:00,Mumbai,18.7,36,13.6,19.8,Sunny
2025-01-17 01:30:00,Lucknow,11.7,89,30.4,12.8,Thunderstorm
2025-01-17 02:00:00,Delhi,37.3,23,16.6,17.7,Fog
2025-01-17 02:30:00,Delhi,45.0,36,12.7,4.5,Cloudy
2025-01-17 03:00:00,Delhi,42.8,55,17.6,15.3,Thunderstorm
2025-01-17 03:30:00,Kolkata,12.4,52,25.8,19.4,Sunny
2025-01-17 04:00:00,Delhi,35.4,31,12.6,8.4,Fog
2025-01-17 04:30:00,Kolkata,30.7,57,39.2,0.9,Windy
2025-01-17 05:00:00,Bangalore,32.8,66,31.1,19.4,Rain
2025-01-17 05:30:00,Hyderabad,43.1,87,12.1,14.2,Fog
2025-01-17 06:00:00,Pune,11.5,58,17.7,11.2,Fog
2025-01-17 06:30:00,Delhi,13.6,39,33.8,17.7,Cloudy
2025-01-17 07:00:00,Bangalore,33.4,78,25.9,16.1,Sunny
2025-01-17 07:30:00,Hyderabad,44.8,55,38.8,17.7,Thunderstorm
2025-01-17 08:00:00,Bangalore,24.0,92,12.6,18.7,Windy
2025-01-17 08:30:00,Kolkata,36.3,50,1.8,15.4,Rain
2025-01-17 09:00:00,Bangalore,33.8,27,39.7,17.6,Windy
2025-01-17 09:30:00,Ahmedabad,43.6,80,23.1,13.9,Rain
2025-01-17 10:00:00,Jaipur,40.1,82,14.8,6.9,Haze
2025-01-17 10:30:00,Kolkata,27.4,22,18.2,0.3,Thunderstorm
2025-01-17 11:00:00,Bangalore,40.0,20,23.1,4.3,Sunny
2025-01-17 11:30:00,Chennai,22.6,44,9.8,5.1,Haze
2025-01-17 12:00:00,Kolkata,20.0,50,3.3,19.3,Haze
2025-01-17 12:30:00,Pune,42.0,46,36.5,15.5,Rain
2025-01-17 13:00:00,Mumbai,12.7,75,9.6,12.7,Cloudy
2025-01-17 13:30:00,Chennai,25.5,49,6.5,5.4,Rain
2025-01-17 14:00:00,Delhi,11.8,83,5.8,2.1,Drizzle
2025-01-17 14:30:00,Jaipur,30.8,44,13.5,2.3,Fog
2025-01-17 15:00:00,Pune,13.4,45,37.2,14.7,Fog
2025-01-17 15:30:00,Mumbai,39.5,42,27.3,13.3,Fog
2025-01-17 16:00:00,Kolkata,10.3,86,37.6,6.0,Haze
2025-01-17 16:30:00,Lucknow,34.2,30,30.4,13.5,Drizzle
2025-01-17 17:00:00,Pune,18.3,91,37.6,5.4,Cloudy
2025-01-17 17:30:00,Jaipur,15.4,94,30.9,13.1,Thunderstorm
2025-01-17 18:00:00,Lucknow,44.8,44,22.7,11.3,Fog
2025-01-17 18:30:00,Pune,24.4,31,7.2,5.0,Windy
2025-01-17 19:00:00,Mumbai,43.3,91,6.3,13.1,Sunny
2025-01-17 19:30:00,Delhi,15.0,29,1.3,5.6,Drizzle
2025-01-17 20:00:00,Delhi,21.1,80,19.1,19.2,Rain
2025-01-17 20:30:00,Kolkata,40.2,63,12.3,2.1,Haze
2025-01-17 21:00:00,Ahmedabad,19.7,82,15.2,15.4,Cloudy
2025-01-17 21:30:00,Pune,35.0,77,39.3,9.9,Windy
2025-01-17 22:00:00,Pune,27.1,22,25.4,19.5,Drizzle
2025-01-17 22:30:00,Delhi,26.9,79,27.2,8.4,Fog
2025-01-17 23:00:00,Kolkata,16.6,85,17.0,2.2,Cloudy
2025-01-17 23:30:00,Mumbai,10.8,55,20.4,11.5,Thunderstorm
2025-01-18 00:00:00,Pune,24.5,68,21.3,18.3,Sunny
2025-01-18 00:30:00,Ahmedabad,42.2,49,2.7,1.9,Haze
2025-01-18 01:00:00,Pune,30.9,43,6.2,8.7,Thunderstorm
2025-01-18 01:30:00,Ahmedabad,25.4,27,9.3,16.8,Windy
2025-01-18 02:00:00,Delhi,21.3,51,33.6,0.2,Drizzle
2025-01-18 02:30:00,Hyderabad,11.2,61,9.3,1.8,Sunny
2025-01-18 03:00:00,Jaipur,29.4,40,10.4,16.4,Sunny
2025-01-18 03:30:00,Kolkata,13.8,95,34.2,19.3,Haze
2025-01-18 04:00:00,Delhi,17.3,52,34.2,4.6,Rain
2025-01-18 04:30:00,Ahmedabad,20.7,79,20.4,19.5,Sunny
2025-01-18 05:00:00,Chennai,38.5,86,16.7,7.8,Fog
2025-01-18 05:30:00,Mumbai,43.1,63,28.0,0.8,Drizzle
2025-01-18 06:00:00,Chennai,34.9,77,22.3,0.9,Sunny
2025-01-18 06:30:00,Chennai,44.0,27,36.1,8.5,Cloudy
2025-01-18 07:00:00,Kolkata,14.4,71,10.4,9.4,Thunderstorm
2025-01-18 07:30:00,Kolkata,38.9,53,24.4,3.9,Haze
2025-01-18 08:00:00,Kolkata,19.4,40,3.1,1.6,Drizzle
2025-01-18 08:30:00,Hyderabad,42.2,78,15.3,1.4,Windy
2025-01-18 09:00:00,Chennai,33.8,41,16.3,3.3,Rain
2025-01-18 09:30:00,Delhi,40.9,45,26.5,7.1,Windy
2025-01-18 10:00:00,Lucknow,19.4,40,23.2,1.6,Haze
2025-01-18 10:30:00,Delhi,12.1,60,13.1,9.9,Windy
2025-01-18 11:00:00,Bangalore,33.6,92,38.4,14.1,Fog
2025-01-18 11:30:00,Kolkata,39.8,82,29.0,6.8,Cloudy
2025-01-18 12:00:00,Pune,34.5,68,7.2,14.7,Rain
2025-01-18 12:30:00,Lucknow,22.4,89,6.7,9.5,Drizzle
2025-01-18 13:00:00,Pune,27.9,37,30.9,5.3,Thunderstorm
2025-01-18 13:30:00,Ahmedabad,12.3,81,18.9,5.0,Drizzle
2025-01-18 14:00:00,Jaipur,44.8,23,24.3,8.3,Haze
2025-01-18 14:30:00,Lucknow,34.3,81,1.0,11.7,Rain
2025-01-18 15:00:00,Jaipur,31.0,63,15.3,10.5,Haze
2025-01-18 15:30:00,Lucknow,26.2,76,20.9,19.1,Drizzle
2025-01-18 16:00:00,Hyderabad,21.9,36,25.6,3.6,Drizzle
2025-01-18 16:30:00,Kolkata,22.9,53,28.3,15.3,Fog
2025-01-18 17:00:00,Lucknow,28.7,48,33.0,4.1,Haze
2025-01-18 17:30:00,Delhi,44.8,93,25.9,4.5,Fog
2025-01-18 18:00:00,Lucknow,13.5,65,16.3,16.9,Windy
2025-01-18 18:30:00,Jaipur,17.5,93,17.6,2.8,Rain
2025-01-18 19:00:00,Delhi,25.1,77,20.9,6.5,Sunny
2025-01-18 19:30:00,Kolkata,25.2,82,37.2,8.6,Thunderstorm
2025-01-18 20:00:00,Chennai,28.5,65,18.5,8.3,Fog
2025-01-18 20:30:00,Mumbai,29.8,55,32.4,0.8,Sunny
2025-01-18 21:00:00,Jaipur,41.3,58,1.6,3.5,Rain
2025-01-18 21:30:00,Mumbai,16.4,60,12.0,19.8,Haze
2025-01-18 22:00:00,Delhi,40.1,47,21.0,5.6,Drizzle
2025-01-18 22:30:00,Chennai,17.4,63,6.9,11.2,Rain
2025-01-18 23:00:00,Lucknow,18.3,33,11.6,7.4,Haze
2025-01-18 23:30:00,Jaipur,35.0,55,8.5,0.5,Rain
2025-01-19 00:00:00,Lucknow,31.1,60,9.3,13.9,Drizzle
2025-01-19 00:30:00,Bangalore,23.3,46,32.6,14.0,Rain
2025-01-19 01:00:00,Bangalore,43.5,57,27.3,11.2,Drizzle
2025-01-19 01:30:00,Delhi,41.7,23,31.7,12.5,Haze
2025-01-19 02:00:00,Delhi,31.9,33,1.6,3.7,Sunny
2025-01-19 02:30:00,Kolkata,15.0,52,10.5,8.8,Windy
2025-01-19 03:00:00,Chennai,37.4,58,34.0,14.4,Fog
2025-01-19 03:30:00,Mumbai,38.6,81,23.1,9.1,Cloudy
2025-01-19 04:00:00,Pune,23.8,67,11.7,18.6,Windy
2025-01-19 04:30:00,Lucknow,41.1,45,14.0,9.1,Drizzle
2025-01-19 05:00:00,Delhi,11.3,28,7.0,3.3,Rain
2025-01-19 05:30:00,Chennai,37.9,93,16.8,16.9,Cloudy
2025-01-19 06:00:00,Chennai,32.8,23,28.5,16.6,Sunny
2025-01-19 06:30:00,Delhi,35.4,91,36.6,13.9,Haze
2025-01-19 07:00:00,Kolkata,22.1,54,20.0,11.3,Drizzle
2025-01-19 07:30:00,Mumbai,24.9,20,10.5,15.1,Drizzle
2025-01-19 08:00:00,Hyderabad,34.5,57,26.0,4.4,Fog
2025-01-19 08:30:00,Chennai,28.0,93,33.8,17.8,Thunderstorm
2025-01-19 09:00:00,Ahmedabad,31.4,87,10.7,18.5,Drizzle
2025-01-19 09:30:00,Jaipur,15.8,72,24.3,11.2,Cloudy
2025-01-19 10:00:00,Hyderabad,32.7,20,12.7,16.0,Drizzle
2025-01-19 10:30:00,Pune,31.1,54,15.8,3.1,Windy
2025-01-19 11:00:00,Bangalore,39.7,32,35.6,5.9,Thunderstorm
2025-01-19 11:30:00,Delhi,25.0,63,24.4,6.8,Cloudy
2025-01-19 12:00:00,Hyderabad,15.7,88,38.3,16.5,Fog
2025-01-19 12:30:00,Kolkata,21.2,63,20.3,15.2,Cloudy
2025-01-19 13:00:00,Kolkata,29.8,24,32.6,14.6,Fog
2025-01-19 13:30:00,Lucknow,43.4,43,9.5,19.1,Thunderstorm
2025-01-19 14:00:00,Pune,17.8,78,7.8,19.7,Windy
2025-01-19 14:30:00,Mumbai,39.3,68,16.9,9.0,Cloudy
2025-01-19 15:00:00,Mumbai,27.0,80,21.1,5.1,Fog
2025-01-19 15:30:00,Hyderabad,42.8,91,14.4,7.4,Sunny
2025-01-19 16:00:00,Bangalore,12.5,61,26.0,8.8,Cloudy
2025-01-19 16:30:00,Delhi,22.8,73,15.6,14.6,Fog
2025-01-19 17:00:00,Jaipur,11.3,57,30.5,0.5,Drizzle
2025-01-19 17:30:00,Ahmedabad,26.8,89,35.2,14.7,Thunderstorm
2025-01-19 18:00:00,Hyderabad,13.2,86,34.2,15.5,Thunderstorm
2025-01-19 18:30:00,Delhi,26.3,67,13.9,6.9,Windy
2025-01-19 19:00:00,Pune,12.5,49,27.9,15.6,Thunderstorm
2025-01-19 19:30:00,Kolkata,23.1,71,23.9,19.0,Windy
2025-01-19 20:00:00,Pune,30.9,23,36.2,19.6,Fog
2025-01-19 20:30:00,Hyderabad,26.4,48,21.4,10.1,Cloudy
2025-01-19 21:00:00,Kolkata,44.4,65,9.4,17.7,Sunny
2025-01-19 21:30:00,Chennai,31.1,69,10.6,4.6,Windy
2025-01-19 22:00:00,Delhi,15.5,77,14.7,10.0,Rain
2025-01-19 22:30:00,Lucknow,24.1,22,16.8,4.1,Windy
2025-01-19 23:00:00,Bangalore,29.0,63,32.2,11.9,Windy
2025-01-19 23:30:00,Lucknow,42.8,60,11.3,17.7,Windy
2025-01-20 00:00:00,Kolkata,24.6,72,27.5,14.5,Haze
2025-01-20 00:30:00,Chennai,26.4,78,11.5,4.0,Windy
2025-01-20 01:00:00,Chennai,31.4,37,22.6,18.3,Cloudy
2025-01-20 01:30:00,Bangalore,10.5,25,6.8,3.0,Fog
2025-01-20 02:00:00,Bangalore,19.4,38,39.2,0.9,Windy
2025-01-20 02:30:00,Mumbai,41.0,77,32.7,16.1,Fog
2025-01-20 03:00:00,Mumbai,19.7,62,35.8,19.9,Fog
2025-01-20 03:30:00,Pune,10.4,71,25.2,3.0,Fog
2025-01-20 04:00:00,Mumbai,42.3,49,38.5,15.9,Sunny
2025-01-20 04:30:00,Pune,43.3,89,11.6,7.1,Fog
2025-01-20 05:00:00,Hyderabad,34.8,61,28.1,6.7,Cloudy
2025-01-20 05:30:00,Lucknow,18.8,83,24.1,6.3,Windy
2025-01-20 06:00:00,Mumbai,23.8,38,5.3,19.5,Drizzle
2025-01-20 06:30:00,Bangalore,17.1,58,16.0,11.1,Fog
2025-01-20 07:00:00,Ahmedabad,35.7,39,1.7,3.1,Thunderstorm
2025-01-20 07:30:00,Delhi,38.0,37,36.3,10.0,Sunny
2025-01-20 08:00:00,Mumbai,18.7,64,10.5,1.1,Drizzle
2025-01-20 08:30:00,Lucknow,35.3,25,32.2,8.1,Drizzle
2025-01-20 09:00:00,Ahmedabad,31.8,36,27.9,19.1,Windy
2025-01-20 09:30:00,Delhi,21.3,71,32.3,10.1,Windy
2025-01-20 10:00:00,Lucknow,12.0,61,28.4,4.1,Drizzle
2025-01-20 10:30:00,Bangalore,20.6,65,20.2,8.2,Cloudy
2025-01-20 11:00:00,Lucknow,15.4,50,18.3,8.1,Haze
2025-01-20 11:30:00,Hyderabad,33.2,28,31.9,11.8,Fog
2025-01-20 12:00:00,Lucknow,27.4,79,38.1,6.0,Windy
2025-01-20 12:30:00,Jaipur,27.6,83,27.7,16.0,Drizzle
2025-01-20 13:00:00,Kolkata,27.8,60,5.6,13.5,Fog
2025-01-20 13:30:00,Ahmedabad,33.6,49,25.8,9.5,Drizzle
2025-01-20 14:00:00,Hyderabad,25.3,59,11.7,1.0,Haze
2025-01-20 14:30:00,Bangalore,38.7,55,23.1,18.3,Thunderstorm
2025-01-20 15:00:00,Delhi,20.9,28,18.6,8.5,Windy
2025-01-20 15:30:00,Delhi,40.5,71,13.2,10.5,Windy
2025-01-20 16:00:00,Lucknow,24.3,49,18.7,15.9,Windy
2025-01-20 16:30:00,Jaipur,39.6,74,8.2,11.2,Sunny
2025-01-20 17:00:00,Kolkata,25.3,40,38.7,3.8,Cloudy
2025-01-20 17:30:00,Ahmedabad,39.1,86,12.3,15.5,Sunny
2025-01-20 18:00:00,Ahmedabad,19.9,70,25.3,9.0,Fog
2025-01-20 18:30:00,Delhi,14.7,22,8.7,16.4,Cloudy
2025-01-20 19:00:00,Bangalore,32.2,58,21.8,15.6,Drizzle
2025-01-20 19:30:00,Bangalore,35.5,34,38.3,16.6,Haze
2025-01-20 20:00:00,Kolkata,35.9,46,30.6,18.7,Cloudy
2025-01-20 20:30:00,Pune,15.9,50,5.1,0.7,Haze
2025-01-20 21:00:00,Hyderabad,31.1,58,34.0,10.6,Cloudy
2025-01-20 21:30:00,Bangalore,44.6,73,15.8,1.4,Fog
2025-01-20 22:00:00,Jaipur,20.9,35,17.1,13.9,Drizzle
2025-01-20 22:30:00,Chennai,36.7,80,4.6,19.1,Haze
2025-01-20 23:00:00,Chennai,40.4,21,32.6,1.9,Thunderstorm
2025-01-20 23:30:00,Hyderabad,33.6,55,22.2,8.1,Fog
2025-01-21 00:00:00,Lucknow,38.6,24,39.8,10.7,Haze
2025-01-21 00:30:00,Mumbai,22.1,68,26.6,13.9,Drizzle
2025-01-21 01:00:00,Jaipur,26.6,41,36.6,13.6,Drizzle
2025-01-21 01:30:00,Lucknow,10.7,63,21.2,5.3,Fog
2025-01-21 02:00:00,Ahmedabad,18.4,27,39.4,17.8,Thunderstorm
2025-01-21 02:30:00,Hyderabad,27.6,68,13.6,20.0,Haze
2025-01-21 03:00:00,Kolkata,30.0,50,3.4,18.5,Fog
2025-01-21 03:30:00,Pune,20.5,48,36.6,5.1,Sunny
2025-01-21 04:00:00,Bangalore,14.5,22,38.7,18.2,Drizzle
2025-01-21 04:30:00,Ahmedabad,17.6,48,27.5,7.5,Drizzle
2025-01-21 05:00:00,Ahmedabad,15.2,30,37.9,6.6,Cloudy
2025-01-21 05:30:00,Delhi,33.1,68,21.0,12.3,Windy
2025-01-21 06:00:00,Delhi,34.8,22,26.6,17.8,Rain
2025-01-21 06:30:00,Delhi,13.8,60,14.3,9.1,Sunny
2025-01-21 07:00:00,Jaipur,32.9,41,8.2,6.3,Thunderstorm
2025-01-21 07:30:00,Hyderabad,18.5,46,16.4,9.3,Cloudy
2025-01-21 08:00:00,Lucknow,34.6,51,12.0,1.8,Cloudy
2025-01-21 08:30:00,Kolkata,19.6,46,11.9,18.9,Cloudy
2025-01-21 09:00:00,Ahmedabad,40.9,81,5.3,8.1,Drizzle
2025-01-21 09:30:00,Mumbai,42.8,50,25.8,14.8,Cloudy
2025-01-21 10:00:00,Lucknow,23.1,82,4.4,14.6,Drizzle
2025-01-21 10:30:00,Hyderabad,30.9,39,20.6,1.9,Cloudy
2025-01-21 11:00:00,Pune,17.9,54,8.6,4.8,Rain
2025-01-21 11:30:00,Ahmedabad,27.0,82,9.5,13.5,Rain
2025-01-21 12:00:00,Delhi,33.8,77,20.4,10.5,Cloudy
2025-01-21 12:30:00,Mumbai,37.3,23,25.1,5.7,Thunderstorm
2025-01-21 13:00:00,Jaipur,43.5,82,11.7,2.1,Sunny
2025-01-21 13:30:00,Lucknow,44.1,72,31.0,13.8,Windy
2025-01-21 14:00:00,Delhi,34.6,36,25.8,7.4,Fog
2025-01-21 14:30:00,Hyderabad,16.8,27,6.6,10.8,Windy
2025-01-21 15:00:00,Bangalore,45.0,82,29.2,18.1,Cloudy
2025-01-21 15:30:00,Ahmedabad,22.7,68,26.6,9.4,Cloudy
2025-01-21 16:00:00,Bangalore,13.1,54,3.7,16.5,Sunny
2025-01-21 16:30:00,Chennai,18.9,38,25.6,17.5,Thunderstorm
2025-01-21 17:00:00,Bangalore,38.0,30,28.5,15.1,Rain
2025-01-21 17:30:00,Delhi,33.8,56,26.8,13.6,Windy
2025-01-21 18:00:00,Chennai,32.9,38,9.4,14.5,Thunderstorm
2025-01-21 18:30:00,Chennai,29.2,80,6.9,10.9,Sunny
2025-01-21 19:00:00,Kolkata,25.1,63,14.2,19.2,Rain
2025-01-21 19:30:00,Pune,36.0,66,36.2,12.6,Rain
2025-01-21 20:00:00,Lucknow,30.2,75,37.1,8.5,Rain
2025-01-21 20:30:00,Kolkata,23.7,62,9.3,2.2,Fog
2025-01-21 21:00:00,Bangalore,29.3,44,35.1,9.3,Haze
2025-01-21 21:30:00,Mumbai,42.1,61,6.3,4.4,Windy
2025-01-21 22:00:00,Jaipur,14.0,59,39.4,0.6,Sunny
2025-01-21 22:30:00,Jaipur,37.5,68,11.0,15.2,Cloudy
2025-01-21 23:00:00,Hyderabad,31.1,79,6.2,18.5,Thunderstorm
2025-01-21 23:30:00,Delhi,40.0,67,12.4,9.6,Sunny
2025-01-22 00:00:00,Ahmedabad,16.7,25,5.7,3.2,Sunny
2025-01-22 00:30:00,Delhi,43.3,91,6.1,12.2,Sunny
2025-01-22 01:00:00,Bangalore,19.9,23,20.2,14.0,Fog
2025-01-22 01:30:00,Bangalore,19.1,55,32.3,12.5,Rain
2025-01-22 02:00:00,Chennai,27.1,50,23.7,11.1,Haze
2025-01-22 02:30:00,Delhi,23.2,52,20.0,7.6,Drizzle
2025-01-22 03:00:00,Hyderabad,42.9,54,14.9,8.0,Windy
2025-01-22 03:30:00,Pune,28.0,84,13.7,8.7,Rain
2025-01-22 04:00:00,Hyderabad,33.3,81,2.1,19.1,Sunny
2025-01-22 04:30:00,Chennai,16.2,38,28.1,10.6,Sunny
2025-01-22 05:00:00,Delhi,40.4,77,30.7,5.4,Fog
2025-01-22 05:30:00,Delhi,28.8,49,6.5,18.5,Drizzle
2025-01-22 06:00:00,Ahmedabad,18.3,66,39.5,0.8,Cloudy
2025-01-22 06:30:00,Kolkata,25.2,69,29.8,3.6,Windy
2025-01-22 07:00:00,Chennai,19.8,46,32.1,8.4,Thunderstorm
2025-01-22 07:30:00,Bangalore,26.8,25,38.4,4.9,Windy
2025-01-22 08:00:00,Pune,27.2,91,37.3,12.8,Cloudy
2025-01-22 08:30:00,Ahmedabad,22.5,42,28.2,10.8,Thunderstorm
2025-01-22 09:00:00,Pune,15.6,23,27.0,15.3,Thunderstorm
2025-01-22 09:30:00,Delhi,16.8,66,9.3,1.7,Haze
2025-01-22 10:00:00,Kolkata,32.6,33,21.3,12.2,Fog
2025-01-22 10:30:00,Bangalore,33.8,60,2.4,0.6,Cloudy
2025-01-22 11:00:00,Kolkata,13.1,86,3.4,17.1,Sunny
2025-01-22 11:30:00,Pune,30.3,86,2.7,16.7,Sunny
2025-01-22 12:00:00,Delhi,11.0,63,7.3,17.0,Sunny
2025-01-22 12:30:00,Kolkata,15.0,20,15.8,8.6,Cloudy
2025-01-22 13:00:00,Lucknow,34.8,34,31.6,17.2,Thunderstorm
2025-01-22 13:30:00,Bangalore,25.0,57,12.4,3.1,Sunny
2025-01-22 14:00:00,Lucknow,43.2,37,3.6,4.3,Haze
2025-01-22 14:30:00,Hyderabad,15.4,95,31.4,3.4,Haze
2025-01-22 15:00:00,Hyderabad,20.3,70,16.7,10.5,Rain
2025-01-22 15:30:00,Jaipur,31.0,40,1.7,4.9,Sunny
2025-01-22 16:00:00,Bangalore,25.2,25,9.2,15.4,Fog
2025-01-22 16:30:00,Bangalore,21.6,52,31.9,7.2,Haze
2025-01-22 17:00:00,Ahmedabad,43.9,70,35.4,0.2,Haze
2025-01-22 17:30:00,Pune,26.9,56,8.2,4.9,Fog
2025-01-22 18:00:00,Pune,17.2,82,17.8,13.4,Rain
2025-01-22 18:30:00,Jaipur,14.5,41,24.9,0.2,Fog
2025-01-22 19:00:00,Bangalore,42.5,43,16.8,14.1,Rain
2025-01-22 19:30:00,Ahmedabad,39.0,75,13.5,18.8,Cloudy
2025-01-22 20:00:00,Jaipur,44.5,27,19.5,3.9,Cloudy
2025-01-22 20:30:00,Lucknow,30.9,78,39.0,3.2,Fog
2025-01-22 21:00:00,Delhi,39.8,71,19.4,4.5,Haze
2025-01-22 21:30:00,Pune,40.8,50,13.8,3.2,Sunny
2025-01-22 22:00:00,Bangalore,25.1,24,11.8,9.0,Haze
2025-01-22 22:30:00,Hyderabad,28.3,64,30.2,15.1,Drizzle
2025-01-22 23:00:00,Hyderabad,25.1,42,23.7,18.5,Windy
2025-01-22 23:30:00,Delhi,42.2,46,20.6,18.7,Fog
2025-01-23 00:00:00,Chennai,22.4,41,5.6,11.2,Thunderstorm
2025-01-23 00:30:00,Chennai,31.9,58,15.6,9.8,Fog
2025-01-23 01:00:00,Bangalore,17.2,78,36.2,1.4,Windy
2025-01-23 01:30:00,Pune,36.5,29,9.5,13.3,Thunderstorm
2025-01-23 02:00:00,Jaipur,31.2,58,23.9,11.6,Rain
2025-01-23 02:30:00,Jaipur,14.2,66,39.6,0.4,Drizzle
2025-01-23 03:00:00,Mumbai,39.2,78,12.3,1.9,Haze
2025-01-23 03:30:00,Jaipur,29.9,23,20.3,12.2,Windy
2025-01-23 04:00:00,Pune,29.8,68,33.9,13.7,Haze
2025-01-23 04:30:00,Kolkata,21.2,50,7.1,14.8,Cloudy
2025-01-23 05:00:00,Delhi,44.7,30,19.7,10.1,Drizzle
2025-01-23 05:30:00,Bangalore,34.4,82,11.3,17.7,Haze
2025-01-23 06:00:00,Mumbai,35.8,72,12.0,6.1,Rain
2025-01-23 06:30:00,Pune,32.7,27,39.9,11.1,Windy
2025-01-23 07:00:00,Ahmedabad,23.5,47,31.0,11.4,Rain
2025-01-23 07:30:00,Chennai,20.7,76,39.9,12.0,Fog
2025-01-23 08:00:00,Hyderabad,24.9,52,25.7,12.9,Cloudy
2025-01-23 08:30:00,Lucknow,10.0,78,26.8,12.6,Cloudy
2025-01-23 09:00:00,Lucknow,44.9,91,24.5,6.8,Drizzle
2025-01-23 09:30:00,Ahmedabad,21.5,37,28.5,0.4,Sunny
2025-01-23 10:00:00,Jaipur,20.7,38,9.6,5.6,Haze
2025-01-23 10:30:00,Chennai,38.6,34,22.9,18.5,Cloudy
2025-01-23 11:00:00,Bangalore,28.1,64,35.3,7.1,Drizzle
2025-01-23 11:30:00,Jaipur,10.0,23,2.9,8.7,Haze
2025-01-23 12:00:00,Hyderabad,32.5,74,18.3,7.5,Haze
2025-01-23 12:30:00,Kolkata,17.3,21,23.0,12.9,Drizzle
2025-01-23 13:00:00,Jaipur,12.5,87,7.6,17.6,Cloudy
2025-01-23 13:30:00,Kolkata,20.3,59,9.3,8.2,Rain
2025-01-23 14:00:00,Jaipur,44.7,31,23.2,18.1,Drizzle
2025-01-23 14:30:00,Chennai,28.4,65,1.7,12.0,Thunderstorm
2025-01-23 15:00:00,Pune,10.4,44,29.6,5.2,Cloudy
2025-01-23 15:30:00,Jaipur,40.9,49,6.9,19.6,Haze
2025-01-23 16:00:00,Bangalore,26.8,73,9.1,4.2,Rain
2025-01-23 16:30:00,Bangalore,26.3,95,30.9,12.9,Cloudy
2025-01-23 17:00:00,Mumbai,44.9,33,10.3,14.7,Cloudy
2025-01-23 17:30:00,Bangalore,36.2,43,8.8,19.2,Fog
2025-01-23 18:00:00,Ahmedabad,24.7,31,12.9,7.8,Rain
2025-01-23 18:30:00,Jaipur,31.5,57,1.9,18.7,Fog
2025-01-23 19:00:00,Mumbai,28.4,23,20.3,17.8,Sunny
2025-01-23 19:30:00,Lucknow,42.9,92,1.9,19.4,Thunderstorm
2025-01-23 20:00:00,Pune,39.8,61,15.5,2.8,Windy
2025-01-23 20:30:00,Lucknow,17.8,48,4.5,4.4,Fog
2025-01-23 21:00:00,Lucknow,41.7,70,20.9,0.4,Cloudy
2025-01-23 21:30:00,Bangalore,11.9,54,35.4,13.5,Cloudy
2025-01-23 22:00:00,Kolkata,17.8,29,1.7,8.1,Haze
2025-01-23 22:30:00,Delhi,33.1,57,38.5,2.9,Sunny
2025-01-23 23:00:00,Kolkata,27.6,22,11.5,3.6,Haze
2025-01-23 23:30:00,Hyderabad,12.0,73,37.0,14.4,Sunny
2025-01-24 00:00:00,Pune,23.8,62,30.8,17.3,Windy
2025-01-24 00:30:00,Kolkata,17.7,46,5.1,12.4,Cloudy
2025-01-24 01:00:00,Jaipur,29.1,31,23.3,18.8,Drizzle
2025-01-24 01:30:00,Ahmedabad,16.4,42,8.4,5.5,Thunderstorm
2025-01-24 02:00:00,Pune,12.7,60,4.9,2.2,Drizzle
2025-01-24 02:30:00,Mumbai,29.8,31,6.4,4.0,Thunderstorm
2025-01-24 03:00:00,Ahmedabad,11.5,50,23.7,16.8,Drizzle
2025-01-24 03:30:00,Kolkata,23.8,63,33.7,18.4,Sunny
2025-01-24 04:00:00,Bangalore,14.4,26,23.4,19.3,Drizzle
2025-01-24 04:30:00,Delhi,12.7,80,16.7,18.0,Sunny
2025-01-24 05:00:00,Mumbai,34.7,49,24.4,15.2,Fog
2025-01-24 05:30:00,Hyderabad,21.4,94,34.9,16.0,Rain
2025-01-24 06:00:00,Ahmedabad,14.0,77,34.8,13.2,Drizzle
2025-01-24 06:30:00,Mumbai,11.4,76,33.0,14.3,Haze
2025-01-24 07:00:00,Chennai,31.5,94,22.4,6.2,Windy
2025-01-24 07:30:00,Kolkata,11.1,59,9.2,4.7,Cloudy
2025-01-24 08:00:00,Ahmedabad,21.7,79,5.8,18.8,Thunderstorm
2025-01-24 08:30:00,Jaipur,10.2,22,31.4,17.6,Fog
2025-01-24 09:00:00,Chennai,11.3,72,38.8,15.9,Drizzle
2025-01-24 09:30:00,Hyderabad,24.0,39,13.9,6.9,Fog
2025-01-24 10:00:00,Jaipur,11.7,73,12.5,19.1,Thunderstorm
2025-01-24 10:30:00,Jaipur,43.3,93,32.3,0.8,Haze
2025-01-24 11:00:00,Hyderabad,36.4,44,3.9,19.8,Haze
2025-01-24 11:30:00,Jaipur,19.4,56,36.4,11.0,Cloudy
2025-01-24 12:00:00,Mumbai,12.0,73,28.6,11.9,Drizzle
2025-01-24 12:30:00,Kolkata,37.8,87,34.4,18.7,Fog
2025-01-24 13:00:00,Bangalore,32.2,57,37.9,17.3,Haze
2025-01-24 13:30:00,Jaipur,10.9,23,15.5,0.8,Sunny
2025-01-24 14:00:00,Bangalore,35.8,61,27.2,1.5,Cloudy
2025-01-24 14:30:00,Kolkata,33.8,76,37.7,12.0,Rain
2025-01-24 15:00:00,Chennai,26.7,74,11.6,18.5,Rain
2025-01-24 15:30:00,Lucknow,11.3,65,3.0,14.0,Rain
2025-01-24 16:00:00,Mumbai,15.0,89,3.5,5.3,Sunny
2025-01-24 16:30:00,Lucknow,13.3,53,23.0,10.0,Sunny
2025-01-24 17:00:00,Ahmedabad,28.6,62,12.5,6.7,Windy
2025-01-24 17:30:00,Hyderabad,36.2,45,28.3,1.9,Rain
2025-01-24 18:00:00,Delhi,26.7,95,12.7,3.7,Haze
2025-01-24 18:30:00,Pune,17.2,83,34.1,14.1,Thunderstorm
2025-01-24 19:00:00,Pune,27.4,33,13.6,4.2,Cloudy
2025-01-24 19:30:00,Pune,31.6,91,17.7,11.6,Cloudy
2025-01-24 20:00:00,Delhi,14.7,40,5.9,2.5,Thunderstorm
2025-01-24 20:30:00,Delhi,44.3,69,4.2,18.2,Thunderstorm
2025-01-24 21:00:00,Ahmedabad,19.9,60,39.3,5.6,Fog
2025-01-24 21:30:00,Bangalore,24.2,40,34.4,13.7,Windy
2025-01-24 22:00:00,Bangalore,34.5,87,14.5,4.5,Rain
2025-01-24 22:30:00,Jaipur,19.7,73,6.5,17.2,Windy
2025-01-24 23:00:00,Hyderabad,36.7,56,6.7,0.6,Fog
2025-01-24 23:30:00,Mumbai,10.5,77,3.3,4.1,Cloudy
2025-01-25 00:00:00,Pune,10.4,50,35.2,18.7,Windy
2025-01-25 00:30:00,Hyderabad,20.2,94,15.8,11.3,Cloudy
2025-01-25 01:00:00,Hyderabad,33.1,74,26.0,9.3,Thunderstorm
2025-01-25 01:30:00,Mumbai,22.9,93,15.0,10.2,Haze
2025-01-25 02:00:00,Chennai,31.6,71,33.3,16.4,Thunderstorm
2025-01-25 02:30:00,Chennai,44.8,88,32.0,6.4,Windy
2025-01-25 03:00:00,Chennai,40.6,71,33.9,4.8,Fog
2025-01-25 03:30:00,Bangalore,30.2,51,12.2,1.8,Windy
2025-01-25 04:00:00,Kolkata,15.0,87,27.7,17.6,Sunny
2025-01-25 04:30:00,Mumbai,24.6,56,2.8,13.2,Thunderstorm
2025-01-25 05:00:00,Lucknow,17.9,43,10.6,19.4,Cloudy
2025-01-25 05:30:00,Bangalore,32.4,92,21.3,13.1,Windy
2025-01-25 06:00:00,Bangalore,30.1,85,32.0,14.4,Haze
2025-01-25 06:30:00,Ahmedabad,31.3,24,19.0,15.1,Sunny
2025-01-25 07:00:00,Chennai,14.9,60,24.7,6.6,Sunny
2025-01-25 07:30:00,Lucknow,41.9,23,11.4,5.7,Windy
2025-01-25 08:00:00,Bangalore,33.8,85,7.7,10.1,Sunny
2025-01-25 08:30:00,Ahmedabad,40.0,56,1.2,0.5,Sunny
2025-01-25 09:00:00,Jaipur,28.5,80,36.2,10.0,Thunderstorm
2025-01-25 09:30:00,Jaipur,11.2,88,24.0,19.1,Sunny
2025-01-25 10:00:00,Chennai,29.7,43,32.1,11.2,Windy
2025-01-25 10:30:00,Hyderabad,32.8,84,12.5,2.0,Rain
2025-01-25 11:00:00,Delhi,15.9,71,25.0,0.1,Sunny
2025-01-25 11:30:00,Hyderabad,28.1,70,26.8,14.7,Rain
2025-01-25 12:00:00,Chennai,22.6,61,36.5,12.0,Fog
2025-01-25 12:30:00,Bangalore,44.6,88,28.9,15.8,Sunny
2025-01-25 13:00:00,Delhi,35.2,23,12.1,5.8,Windy
2025-01-25 13:30:00,Lucknow,20.4,60,18.3,2.4,Rain
2025-01-25 14:00:00,Ahmedabad,24.9,30,26.8,4.9,Sunny
2025-01-25 14:30:00,Pune,27.4,27,6.7,7.0,Haze
2025-01-25 15:00:00,Jaipur,40.8,43,13.3,11.7,Drizzle
2025-01-25 15:30:00,Lucknow,19.5,34,19.6,6.3,Fog
2025-01-25 16:00:00,Chennai,41.0,83,25.4,13.9,Thunderstorm
2025-01-25 16:30:00,Jaipur,12.9,90,11.5,14.0,Cloudy
2025-01-25 17:00:00,Chennai,23.2,34,32.9,15.7,Haze
2025-01-25 17:30:00,Bangalore,18.8,29,9.9,11.8,Fog
2025-01-25 18:00:00,Mumbai,13.8,91,24.6,12.0,Cloudy
2025-01-25 18:30:00,Kolkata,40.3,73,25.1,3.9,Windy
2025-01-25 19:00:00,Hyderabad,35.5,46,12.6,6.3,Fog
2025-01-25 19:30:00,Mumbai,19.7,72,8.8,8.8,Fog
2025-01-25 20:00:00,Mumbai,26.0,80,23.8,7.2,Sunny
2025-01-25 20:30:00,Ahmedabad,33.2,91,30.3,17.8,Cloudy
2025-01-25 21:00:00,Lucknow,34.1,79,19.2,3.9,Sunny
2025-01-25 21:30:00,Kolkata,32.6,90,19.1,11.3,Fog
2025-01-25 22:00:00,Ahmedabad,28.3,43,36.9,14.1,Rain
2025-01-25 22:30:00,Mumbai,19.1,69,23.8,2.1,Windy
2025-01-25 23:00:00,Ahmedabad,32.9,30,32.5,15.8,Thunderstorm
2025-01-25 23:30:00,Lucknow,11.2,67,20.6,15.0,Cloudy
